name	signature	detailedSignature	qualifiedName	filePath	startLine	endLine	pyTypeLinkHash	ownerTypeName	ownerQualifiedName	methodAccess	methodModifier	returnTypeName	isVarArgs	hasReceiverParameter	defaultValueExpression	methodKind	parameterCount	hasTypeParameters	throwsExceptions	enclosingMemberLinkHash	pyModuleLinkHash	scopeLinkHash	declaringBindingLinkHash	posOnlyCount	kwOnlyCount	hasKwArgs	isArgsKwargsPassthrough	isAsync	isGenerator	decoratorCount	bodyIsStub	startColumn	endColumn	serviceVersionLinkHash	pyMethodUniqueHash
<module>	<module>()		core.<module>	core/__init__.py	1	2				PUBLIC_ACCESS	SYNTHETIC		false	false		MODULE_INITIALIZER	0	false			PY_MODULE_933b805b0d496400952bb195a87ddcc4	PY_SCOPE_295594e03a9a1a16619070d1ea44e657		0	0	false	false	false	false	0	false	0	0	SERVICE_VERSION_00000000000000000000000000000000	PY_METHOD_1ec9dd6cff96c8d149e5e988044c5acd
<module>	<module>()		core.base.<module>	core/base.py	1	45				PUBLIC_ACCESS	SYNTHETIC		false	false		MODULE_INITIALIZER	0	false			PY_MODULE_d28fbce0a513abfa51b88ad6db6d82df	PY_SCOPE_3c613edd29e908501e094287155dad00		0	0	false	false	false	false	0	false	0	0	SERVICE_VERSION_00000000000000000000000000000000	PY_METHOD_22330a12005374ea1b1705c24d3d9eab
<classbody>	<classbody>()		core.base.Node.<classbody>	core/base.py	4	17	PY_TYPE_325d8fd0ba3a48883f5b1bd661d4bef1	Node	core.base.Node	PUBLIC_ACCESS	SYNTHETIC		false	false		CLASS_INITIALIZER	0	false			PY_MODULE_d28fbce0a513abfa51b88ad6db6d82df	PY_SCOPE_b80d4d2eee187fba971c40495fe6afc1		0	0	false	false	false	false	0	false	0	33	SERVICE_VERSION_00000000000000000000000000000000	PY_METHOD_881521ebf6b0e5f6e1118eadd845367d
__init__	__init__(self, name)	__init__(self, name)	core.base.Node.__init__	core/base.py	5	7	PY_TYPE_325d8fd0ba3a48883f5b1bd661d4bef1	Node	core.base.Node	DUNDER_ACCESS			false	true		CONSTRUCTOR	2	false			PY_MODULE_d28fbce0a513abfa51b88ad6db6d82df	PY_SCOPE_a5563037b650c206f59fdac34d53e9a9	PY_BINDING_a2cca72dd25bb95b1ca851eefd404a16	0	0	false	false	false	false	0	false	4	26	SERVICE_VERSION_00000000000000000000000000000000	PY_METHOD_1d96ee91a2da9f3d4ed85847fa8e0e95
label	label(self)	label(self)	core.base.Node.label	core/base.py	9	10	PY_TYPE_325d8fd0ba3a48883f5b1bd661d4bef1	Node	core.base.Node	PUBLIC_ACCESS			false	true		INSTANCE_METHOD	1	false			PY_MODULE_d28fbce0a513abfa51b88ad6db6d82df	PY_SCOPE_be4552bc039e00d676c093564b9e05dd	PY_BINDING_4dcfbf9a3cb026e560705d4319ae5a76	0	0	false	false	false	false	0	false	4	24	SERVICE_VERSION_00000000000000000000000000000000	PY_METHOD_ce30c205d081a607b8a765e37d66ba71
add	add(self, child)	add(self, child)	core.base.Node.add	core/base.py	12	14	PY_TYPE_325d8fd0ba3a48883f5b1bd661d4bef1	Node	core.base.Node	PUBLIC_ACCESS			false	true		INSTANCE_METHOD	2	false			PY_MODULE_d28fbce0a513abfa51b88ad6db6d82df	PY_SCOPE_b321497c2a5f55c35c4bbf6d5321a12e	PY_BINDING_f09f537bc75b4096be3b0c1467d344d4	0	0	false	false	false	false	0	false	4	19	SERVICE_VERSION_00000000000000000000000000000000	PY_METHOD_884b206c00df93e05093f97d602c9a91
count	count(self)	count(self)	core.base.Node.count	core/base.py	16	17	PY_TYPE_325d8fd0ba3a48883f5b1bd661d4bef1	Node	core.base.Node	PUBLIC_ACCESS			false	true		INSTANCE_METHOD	1	false			PY_MODULE_d28fbce0a513abfa51b88ad6db6d82df	PY_SCOPE_1dcd4a86edeee12836f333d25b882507	PY_BINDING_e5b372f106b2dd4f0c0fae9b478757de	0	0	false	false	false	false	0	false	4	33	SERVICE_VERSION_00000000000000000000000000000000	PY_METHOD_a5d67d36658ce980f455c0e1aa2174d5
<classbody>	<classbody>()		core.base.Leaf.<classbody>	core/base.py	20	23	PY_TYPE_f4b23e19ff1f7ecbd26ba8e655d8cd87	Leaf	core.base.Leaf	PUBLIC_ACCESS	SYNTHETIC		false	false		CLASS_INITIALIZER	0	false			PY_MODULE_d28fbce0a513abfa51b88ad6db6d82df	PY_SCOPE_afe12fc9c7652fc5bc087d6581867ad6		0	0	false	false	false	false	0	false	0	30	SERVICE_VERSION_00000000000000000000000000000000	PY_METHOD_78c79dc4d8ae19b87bc29a8f14f92bd7
label	label(self)	label(self)	core.base.Leaf.label	core/base.py	21	23	PY_TYPE_f4b23e19ff1f7ecbd26ba8e655d8cd87	Leaf	core.base.Leaf	PUBLIC_ACCESS			false	true		INSTANCE_METHOD	1	false			PY_MODULE_d28fbce0a513abfa51b88ad6db6d82df	PY_SCOPE_e8aef099a3e04f4d2accb59b99b37a86	PY_BINDING_ae829e735349744f88b800f27f4659fd	0	0	false	false	false	false	0	false	4	30	SERVICE_VERSION_00000000000000000000000000000000	PY_METHOD_bcb7bfeecc00029ab553d1d400750db1
<classbody>	<classbody>()		core.base.Registry.<classbody>	core/base.py	26	35	PY_TYPE_7d051928cdce6f2d1d3846fed8c732d7	Registry	core.base.Registry	PUBLIC_ACCESS	SYNTHETIC		false	false		CLASS_INITIALIZER	0	false			PY_MODULE_d28fbce0a513abfa51b88ad6db6d82df	PY_SCOPE_04e7d16bbc63d31d0caca7089900b4dd		0	0	false	false	false	false	0	false	0	28	SERVICE_VERSION_00000000000000000000000000000000	PY_METHOD_0e615a9d7cefd3dd877ab22523d475c4
__init__	__init__(self)	__init__(self)	core.base.Registry.__init__	core/base.py	27	28	PY_TYPE_7d051928cdce6f2d1d3846fed8c732d7	Registry	core.base.Registry	DUNDER_ACCESS			false	true		CONSTRUCTOR	1	false			PY_MODULE_d28fbce0a513abfa51b88ad6db6d82df	PY_SCOPE_7e913642935d739f9d5960a079855c85	PY_BINDING_434ff23cc32b3d99ff34d23862e3a418	0	0	false	false	false	false	0	false	4	23	SERVICE_VERSION_00000000000000000000000000000000	PY_METHOD_29d34dde40fdbda38d1b7a232f746c70
store	store(self, node)	store(self, node)	core.base.Registry.store	core/base.py	30	32	PY_TYPE_7d051928cdce6f2d1d3846fed8c732d7	Registry	core.base.Registry	PUBLIC_ACCESS			false	true		INSTANCE_METHOD	2	false			PY_MODULE_d28fbce0a513abfa51b88ad6db6d82df	PY_SCOPE_bdc4ac8c7b82a4f46bb55f07816f51ed	PY_BINDING_8e9d52b7b9f8fb9cb58e715c5e899d13	0	0	false	false	false	false	0	false	4	19	SERVICE_VERSION_00000000000000000000000000000000	PY_METHOD_fb122cdd681d1886b28ba6a5367477ce
first	first(self)	first(self)	core.base.Registry.first	core/base.py	34	35	PY_TYPE_7d051928cdce6f2d1d3846fed8c732d7	Registry	core.base.Registry	PUBLIC_ACCESS			false	true		INSTANCE_METHOD	1	false			PY_MODULE_d28fbce0a513abfa51b88ad6db6d82df	PY_SCOPE_4d05adea79b3e9d4c2a24fac1cd24639	PY_BINDING_feb73fe4fe9e5f5369938227ac1ee8b0	0	0	false	false	false	false	0	false	4	28	SERVICE_VERSION_00000000000000000000000000000000	PY_METHOD_7c5ffd94d87c21c27acde611d6418fe4
make_node	make_node(name)	make_node(name)	core.base.make_node	core/base.py	38	40				PUBLIC_ACCESS			false	false		FUNCTION	1	false			PY_MODULE_d28fbce0a513abfa51b88ad6db6d82df	PY_SCOPE_dbb631c5ec7046decc74f319dd5878c6	PY_BINDING_62da648ed8da40996056bdaba9c097d6	0	0	false	false	false	false	0	false	0	21	SERVICE_VERSION_00000000000000000000000000000000	PY_METHOD_7d2d6b1fcbe9f06e17ea6be3ea44f4cd
make_registry	make_registry()	make_registry()	core.base.make_registry	core/base.py	43	44				PUBLIC_ACCESS			false	false		FUNCTION	0	false			PY_MODULE_d28fbce0a513abfa51b88ad6db6d82df	PY_SCOPE_976056fc81d098e7510456c8707358f0	PY_BINDING_19103936b4256ede30d78cec6374599c	0	0	false	false	false	false	0	false	0	21	SERVICE_VERSION_00000000000000000000000000000000	PY_METHOD_de5e770015d0865e8824f96caa557604
<module>	<module>()		core.factory.<module>	core/factory.py	1	30				PUBLIC_ACCESS	SYNTHETIC		false	false		MODULE_INITIALIZER	0	false			PY_MODULE_6f13b60b719c68df32c58e7656b90f51	PY_SCOPE_1a66b4df14c55812e96bca2cde6ce7be		0	0	false	false	false	false	0	false	0	0	SERVICE_VERSION_00000000000000000000000000000000	PY_METHOD_ab5cc7a30b6043be518aff1866d5e976
<classbody>	<classbody>()		core.factory.Builder.<classbody>	core/factory.py	5	23	PY_TYPE_d5e01e41b5870f04c772d5d26d0912a3	Builder	core.factory.Builder	PUBLIC_ACCESS	SYNTHETIC		false	false		CLASS_INITIALIZER	0	false			PY_MODULE_6f13b60b719c68df32c58e7656b90f51	PY_SCOPE_872cde7e4bd17ab3b8bc1e061ffb847c		0	0	false	false	false	false	0	false	0	32	SERVICE_VERSION_00000000000000000000000000000000	PY_METHOD_4761617a13024d7e5d2f4cddd8c63564
of	of(cls, name)	of(cls, name)	core.factory.Builder.of	core/factory.py	9	11	PY_TYPE_d5e01e41b5870f04c772d5d26d0912a3	Builder	core.factory.Builder	PUBLIC_ACCESS	CLASS		false	true		CLASS_METHOD	2	false			PY_MODULE_6f13b60b719c68df32c58e7656b90f51	PY_SCOPE_e95f427b0f6858c36213854312ff6528	PY_BINDING_64ac53d21bf0332d5f5fc891ed4aa94d	0	0	false	false	false	false	1	false	4	24	SERVICE_VERSION_00000000000000000000000000000000	PY_METHOD_008a95de6c3dc8d4be3d2f07363743dc
make_default	make_default(cls)	make_default(cls)	core.factory.Builder.make_default	core/factory.py	14	15	PY_TYPE_d5e01e41b5870f04c772d5d26d0912a3	Builder	core.factory.Builder	PUBLIC_ACCESS	CLASS		false	true		CLASS_METHOD	1	false			PY_MODULE_6f13b60b719c68df32c58e7656b90f51	PY_SCOPE_02db559850d7bfcf6bda8c2a9d135e95	PY_BINDING_0d871bd22ff9c899ecbf97f47ad6ab0c	0	0	false	false	false	false	1	false	4	32	SERVICE_VERSION_00000000000000000000000000000000	PY_METHOD_735371219289ab8d6688fce54c3902f5
__init__	__init__(self, name)	__init__(self, name)	core.factory.Builder.__init__	core/factory.py	17	19	PY_TYPE_d5e01e41b5870f04c772d5d26d0912a3	Builder	core.factory.Builder	DUNDER_ACCESS			false	true		CONSTRUCTOR	2	false			PY_MODULE_6f13b60b719c68df32c58e7656b90f51	PY_SCOPE_970188142bdbee7518a61e5cddc287e2	PY_BINDING_e845df2fd3cbd72f059d1a5dc88b4090	0	0	false	false	false	false	0	false	4	30	SERVICE_VERSION_00000000000000000000000000000000	PY_METHOD_ddf199e958543cb835d700a3097fe194
build	build(self)	build(self)	core.factory.Builder.build	core/factory.py	21	23	PY_TYPE_d5e01e41b5870f04c772d5d26d0912a3	Builder	core.factory.Builder	PUBLIC_ACCESS			false	true		INSTANCE_METHOD	1	false			PY_MODULE_6f13b60b719c68df32c58e7656b90f51	PY_SCOPE_d4a546f62e9bdfe27fe752c3a360636a	PY_BINDING_0178436ff72f93455558c504c057f8a8	0	0	false	false	false	false	0	false	4	32	SERVICE_VERSION_00000000000000000000000000000000	PY_METHOD_4e91b430ca727895aa1cd3776fc03e54
<classbody>	<classbody>()		core.factory.TypedBuilder.<classbody>	core/factory.py	26	29	PY_TYPE_0e60d2b02fb0b1a9548951707ae23860	TypedBuilder	core.factory.TypedBuilder	PUBLIC_ACCESS	SYNTHETIC		false	false		CLASS_INITIALIZER	0	false			PY_MODULE_6f13b60b719c68df32c58e7656b90f51	PY_SCOPE_606e6a856ac765bd78cfdfdc6f5c1df8		0	0	false	false	false	false	0	false	0	47	SERVICE_VERSION_00000000000000000000000000000000	PY_METHOD_862d2b5b9ea8efef837ee3c61537a622
build	build(self)	build(self)	core.factory.TypedBuilder.build	core/factory.py	27	29	PY_TYPE_0e60d2b02fb0b1a9548951707ae23860	TypedBuilder	core.factory.TypedBuilder	PUBLIC_ACCESS			false	true		INSTANCE_METHOD	1	false			PY_MODULE_6f13b60b719c68df32c58e7656b90f51	PY_SCOPE_344696e07e745ee4ea6927e6867287f5	PY_BINDING_b63f58124464b214ca18713807b5bc45	0	0	false	false	false	false	0	false	4	47	SERVICE_VERSION_00000000000000000000000000000000	PY_METHOD_5a09ae9b62212b370ffe2ccd419cd026
<module>	<module>()		services.<module>	services/__init__.py	1	1				PUBLIC_ACCESS	SYNTHETIC		false	false		MODULE_INITIALIZER	0	false			PY_MODULE_79f94e1feca2b14402365d6b037aa2b0	PY_SCOPE_6b50777482245a1a4d12a9c4e1e842f9		0	0	false	false	false	false	0	false	0	0	SERVICE_VERSION_00000000000000000000000000000000	PY_METHOD_9dedf4dcb1b93993e7b0923a4b22c76f
<module>	<module>()		services.consumer.<module>	services/consumer.py	1	50				PUBLIC_ACCESS	SYNTHETIC		false	false		MODULE_INITIALIZER	0	false			PY_MODULE_774333793bea69d5a3272a3a6a444e6f	PY_SCOPE_0bf43928df02f343fb410edc300b2bbf		0	0	false	false	false	false	0	false	0	0	SERVICE_VERSION_00000000000000000000000000000000	PY_METHOD_d8fafed7f87f116a2e1781226cd15529
local_from_constructor	local_from_constructor()	local_from_constructor()	services.consumer.local_from_constructor	services/consumer.py	10	12				PUBLIC_ACCESS			false	false		FUNCTION	0	false			PY_MODULE_774333793bea69d5a3272a3a6a444e6f	PY_SCOPE_129c3ab2026fb54aa84df8615a07722c	PY_BINDING_4b3023a15b20a90e7774a1461fe4d72c	0	0	false	false	false	false	0	false	0	23	SERVICE_VERSION_00000000000000000000000000000000	PY_METHOD_a2047fc142658e71bc0922b866956fee
local_from_module_function	local_from_module_function()	local_from_module_function()	services.consumer.local_from_module_function	services/consumer.py	15	17				PUBLIC_ACCESS			false	false		FUNCTION	0	false			PY_MODULE_774333793bea69d5a3272a3a6a444e6f	PY_SCOPE_d0317c3794a8d1b8b2b61d2be68d3d7f	PY_BINDING_2c01f30ecdc7da2e189e422044bce8a8	0	0	false	false	false	false	0	false	0	23	SERVICE_VERSION_00000000000000000000000000000000	PY_METHOD_0f9364c1f0cad2d880d4d26bc85e801e
local_from_classmethod	local_from_classmethod()	local_from_classmethod()	services.consumer.local_from_classmethod	services/consumer.py	20	22				PUBLIC_ACCESS			false	false		FUNCTION	0	false			PY_MODULE_774333793bea69d5a3272a3a6a444e6f	PY_SCOPE_44274049ced0d3ff8f3f7ddd402b4d54	PY_BINDING_d964d0d67aea8c1f34814573054d4ec2	0	0	false	false	false	false	0	false	0	26	SERVICE_VERSION_00000000000000000000000000000000	PY_METHOD_f33c64fd920235565cc59cec041d80cc
local_reassigned_same_type	local_reassigned_same_type()	local_reassigned_same_type()	services.consumer.local_reassigned_same_type	services/consumer.py	25	28				PUBLIC_ACCESS			false	false		FUNCTION	0	false			PY_MODULE_774333793bea69d5a3272a3a6a444e6f	PY_SCOPE_82fbe6070bd079b52c30666f54b90851	PY_BINDING_07479f5eb778a079bd313a4d4f4820e8	0	0	false	false	false	false	0	false	0	23	SERVICE_VERSION_00000000000000000000000000000000	PY_METHOD_e4869dc8c57fbd22abd3fb43f6b7c899
local_chain	local_chain()	local_chain()	services.consumer.local_chain	services/consumer.py	31	34				PUBLIC_ACCESS			false	false		FUNCTION	0	false			PY_MODULE_774333793bea69d5a3272a3a6a444e6f	PY_SCOPE_a8c96ec79443474cdeeba217a92f7d09	PY_BINDING_81cf46c5fec26f3d8bb33fb48f62a5b5	0	0	false	false	false	false	0	false	0	30	SERVICE_VERSION_00000000000000000000000000000000	PY_METHOD_23d191e47abf73ad0654887b883f6a0c
local_passed_as_argument	local_passed_as_argument()	local_passed_as_argument()	services.consumer.local_passed_as_argument	services/consumer.py	37	39				PUBLIC_ACCESS			false	false		FUNCTION	0	false			PY_MODULE_774333793bea69d5a3272a3a6a444e6f	PY_SCOPE_82992e5329b24ebb7683a2a334e52b2b	PY_BINDING_edc680574e0f6e6963d839b8f7b909fe	0	0	false	false	false	false	0	false	0	24	SERVICE_VERSION_00000000000000000000000000000000	PY_METHOD_9bfe8291c74f01115a62c5a09438cd61
consume	consume(node)	consume(node)	services.consumer.consume	services/consumer.py	42	44				PUBLIC_ACCESS			false	false		FUNCTION	1	false			PY_MODULE_774333793bea69d5a3272a3a6a444e6f	PY_SCOPE_d0ea1468c5ed07eba87ffa5bc60cc3c3	PY_BINDING_008c3f838a08bdcf56780e217aa9d90a	0	0	false	false	false	false	0	false	0	23	SERVICE_VERSION_00000000000000000000000000000000	PY_METHOD_1ee49da1b04115f4f920851320ae83f0
attribute_chain_depth_three	attribute_chain_depth_three()	attribute_chain_depth_three()	services.consumer.attribute_chain_depth_three	services/consumer.py	47	49				PUBLIC_ACCESS			false	false		FUNCTION	0	false			PY_MODULE_774333793bea69d5a3272a3a6a444e6f	PY_SCOPE_4747c972dbab74c929b2e8645e086da9	PY_BINDING_a75cd7dc90e8e95c33719a07377510b1	0	0	false	false	false	false	0	false	0	46	SERVICE_VERSION_00000000000000000000000000000000	PY_METHOD_c9011abaa6f762260b60df3c7a4a5383
<module>	<module>()		services.inheritance.<module>	services/inheritance.py	1	19				PUBLIC_ACCESS	SYNTHETIC		false	false		MODULE_INITIALIZER	0	false			PY_MODULE_a33b8c4bbf1742fb9dadfea7d3a92e31	PY_SCOPE_5253c6980abebba734c188cf7d78e831		0	0	false	false	false	false	0	false	0	0	SERVICE_VERSION_00000000000000000000000000000000	PY_METHOD_c8156bf9dfbf065d0bf7b847ba5e38ef
<classbody>	<classbody>()		services.inheritance.Tagged.<classbody>	services/inheritance.py	5	13	PY_TYPE_29dbf7f364098ccee10a7f6219a69f40	Tagged	services.inheritance.Tagged	PUBLIC_ACCESS	SYNTHETIC		false	false		CLASS_INITIALIZER	0	false			PY_MODULE_a33b8c4bbf1742fb9dadfea7d3a92e31	PY_SCOPE_6a879cd3c1e1a8f94d51f0704a3941c7		0	0	false	false	false	false	0	false	0	66	SERVICE_VERSION_00000000000000000000000000000000	PY_METHOD_b69f4f1e2470a18d8544accb6c58c9f7
label	label(self)	label(self)	services.inheritance.Tagged.label	services/inheritance.py	6	7	PY_TYPE_29dbf7f364098ccee10a7f6219a69f40	Tagged	services.inheritance.Tagged	PUBLIC_ACCESS			false	true		INSTANCE_METHOD	1	false			PY_MODULE_a33b8c4bbf1742fb9dadfea7d3a92e31	PY_SCOPE_5650478ce085143af2263dc943c35f1f	PY_BINDING_ae135711493b5ebef9225a756eafb32c	0	0	false	false	false	false	0	false	4	30	SERVICE_VERSION_00000000000000000000000000000000	PY_METHOD_e02a565ade91c49cb03c1e386163139b
describe	describe(self)	describe(self)	services.inheritance.Tagged.describe	services/inheritance.py	9	10	PY_TYPE_29dbf7f364098ccee10a7f6219a69f40	Tagged	services.inheritance.Tagged	PUBLIC_ACCESS			false	true		INSTANCE_METHOD	1	false			PY_MODULE_a33b8c4bbf1742fb9dadfea7d3a92e31	PY_SCOPE_3996261f7ade2ec2e1efe64739152063	PY_BINDING_5e3ac86ee4c22c7c369addbec514b627	0	0	false	false	false	false	0	false	4	27	SERVICE_VERSION_00000000000000000000000000000000	PY_METHOD_a56a6fce5741378568dd2b27346561c1
total	total(self)	total(self)	services.inheritance.Tagged.total	services/inheritance.py	12	13	PY_TYPE_29dbf7f364098ccee10a7f6219a69f40	Tagged	services.inheritance.Tagged	PUBLIC_ACCESS			false	true		INSTANCE_METHOD	1	false			PY_MODULE_a33b8c4bbf1742fb9dadfea7d3a92e31	PY_SCOPE_7d189af6271ee6e2aea0e4dbb34cc74f	PY_BINDING_d8bd3856fdb4c138b6605c5fda6a5472	0	0	false	false	false	false	0	false	4	27	SERVICE_VERSION_00000000000000000000000000000000	PY_METHOD_27201ffe00b332a089d5a921b841ce9e
<classbody>	<classbody>()		services.inheritance.DeepLeaf.<classbody>	services/inheritance.py	16	18	PY_TYPE_fa48ec5ab50907cf209ac2b863a623cb	DeepLeaf	services.inheritance.DeepLeaf	PUBLIC_ACCESS	SYNTHETIC		false	false		CLASS_INITIALIZER	0	false			PY_MODULE_a33b8c4bbf1742fb9dadfea7d3a92e31	PY_SCOPE_eca242d6b6cb31d3fd5a6846e682903f		0	0	false	false	false	false	0	false	0	71	SERVICE_VERSION_00000000000000000000000000000000	PY_METHOD_d7fd8d0399a1a15b6f0c91093d68df84
label	label(self)	label(self)	services.inheritance.DeepLeaf.label	services/inheritance.py	17	18	PY_TYPE_fa48ec5ab50907cf209ac2b863a623cb	DeepLeaf	services.inheritance.DeepLeaf	PUBLIC_ACCESS			false	true		INSTANCE_METHOD	1	false			PY_MODULE_a33b8c4bbf1742fb9dadfea7d3a92e31	PY_SCOPE_c38cbf2a309caf948f6650cd0d3b4286	PY_BINDING_dc5ff881ad5b5ce27cac019a34dc945c	0	0	false	false	false	false	0	false	4	30	SERVICE_VERSION_00000000000000000000000000000000	PY_METHOD_3a89c21de61d1b96655170f7c31ef7c6
