importKind	importedPath	packageOrTypeName	simpleName	filePath	lineNumber	isStatic	isWildcard	isModuleImport	relativeLevel	originalName	aliasName	resolvedModuleLinkHash	resolvedTargetKind	resolvedTargetHash	isExternalTarget	distributionName	isTypeCheckingOnly	isConditional	pyScopeLinkHash	pyModuleLinkHash	bindingLinkHash	serviceVersionLinkHash	pyImportUniqueHash
FROM_MEMBER	core.base.Node	core.base	Node	core/factory.py	2	false	false	false	0	Node		PY_MODULE_d28fbce0a513abfa51b88ad6db6d82df	TYPE	PY_TYPE_325d8fd0ba3a48883f5b1bd661d4bef1	false		false	false	PY_SCOPE_1a66b4df14c55812e96bca2cde6ce7be	PY_MODULE_6f13b60b719c68df32c58e7656b90f51	PY_BINDING_93723b59b0d611765341542982a3dcee	SERVICE_VERSION_00000000000000000000000000000000	PY_IMPORT_c0d04ce195b5c698f9953786a50ce01f
FROM_MEMBER	core.base.Node	core.base	Node	services/consumer.py	6	false	false	false	0	Node		PY_MODULE_d28fbce0a513abfa51b88ad6db6d82df	TYPE	PY_TYPE_325d8fd0ba3a48883f5b1bd661d4bef1	false		false	false	PY_SCOPE_0bf43928df02f343fb410edc300b2bbf	PY_MODULE_774333793bea69d5a3272a3a6a444e6f	PY_BINDING_ed07b3315bf2ac573d0adc803f74c8b0	SERVICE_VERSION_00000000000000000000000000000000	PY_IMPORT_eea007f0fbc3cece0ac7a5c8d6a299d1
FROM_MEMBER	core.base.Registry	core.base	Registry	services/consumer.py	6	false	false	false	0	Registry		PY_MODULE_d28fbce0a513abfa51b88ad6db6d82df	TYPE	PY_TYPE_7d051928cdce6f2d1d3846fed8c732d7	false		false	false	PY_SCOPE_0bf43928df02f343fb410edc300b2bbf	PY_MODULE_774333793bea69d5a3272a3a6a444e6f	PY_BINDING_a254a9b12bd73e0103e4249e1c4c5ed8	SERVICE_VERSION_00000000000000000000000000000000	PY_IMPORT_5121191edfac8e97ea6a9aea8924da4c
FROM_MEMBER	core.base.make_node	core.base	make_node	services/consumer.py	6	false	false	false	0	make_node		PY_MODULE_d28fbce0a513abfa51b88ad6db6d82df	FUNCTION	PY_METHOD_7d2d6b1fcbe9f06e17ea6be3ea44f4cd	false		false	false	PY_SCOPE_0bf43928df02f343fb410edc300b2bbf	PY_MODULE_774333793bea69d5a3272a3a6a444e6f	PY_BINDING_b9a953f52f9133bf63321cc79af115b0	SERVICE_VERSION_00000000000000000000000000000000	PY_IMPORT_6ccba7dcc147b71aeb02d06901e996fa
FROM_MEMBER	core.base.make_registry	core.base	make_registry	services/consumer.py	6	false	false	false	0	make_registry		PY_MODULE_d28fbce0a513abfa51b88ad6db6d82df	FUNCTION	PY_METHOD_de5e770015d0865e8824f96caa557604	false		false	false	PY_SCOPE_0bf43928df02f343fb410edc300b2bbf	PY_MODULE_774333793bea69d5a3272a3a6a444e6f	PY_BINDING_31909002c474f9b486fc2485d6754876	SERVICE_VERSION_00000000000000000000000000000000	PY_IMPORT_dcf7e6fa08e046b96d82b9dbfe4f7bd8
FROM_MEMBER	core.factory.Builder	core.factory	Builder	services/consumer.py	7	false	false	false	0	Builder		PY_MODULE_6f13b60b719c68df32c58e7656b90f51	TYPE	PY_TYPE_d5e01e41b5870f04c772d5d26d0912a3	false		false	false	PY_SCOPE_0bf43928df02f343fb410edc300b2bbf	PY_MODULE_774333793bea69d5a3272a3a6a444e6f	PY_BINDING_7e9d1f35e815bc331473efd44e0dcf76	SERVICE_VERSION_00000000000000000000000000000000	PY_IMPORT_1472e852a36f63494ce54a6d61092e9b
FROM_MEMBER	core.factory.TypedBuilder	core.factory	TypedBuilder	services/consumer.py	7	false	false	false	0	TypedBuilder		PY_MODULE_6f13b60b719c68df32c58e7656b90f51	TYPE	PY_TYPE_0e60d2b02fb0b1a9548951707ae23860	false		false	false	PY_SCOPE_0bf43928df02f343fb410edc300b2bbf	PY_MODULE_774333793bea69d5a3272a3a6a444e6f	PY_BINDING_7607247ff5037d14f8cf3003a842bb75	SERVICE_VERSION_00000000000000000000000000000000	PY_IMPORT_b9e50ebb30caebac7c9c06ad80729015
FROM_MEMBER	core.base.Leaf	core.base	Leaf	services/inheritance.py	2	false	false	false	0	Leaf		PY_MODULE_d28fbce0a513abfa51b88ad6db6d82df	TYPE	PY_TYPE_f4b23e19ff1f7ecbd26ba8e655d8cd87	false		false	false	PY_SCOPE_5253c6980abebba734c188cf7d78e831	PY_MODULE_a33b8c4bbf1742fb9dadfea7d3a92e31	PY_BINDING_10a9afcadafc97c5856f17df4ec84b72	SERVICE_VERSION_00000000000000000000000000000000	PY_IMPORT_1ed42f82da7e5187ec21961684d6f444
FROM_MEMBER	core.base.Node	core.base	Node	services/inheritance.py	2	false	false	false	0	Node		PY_MODULE_d28fbce0a513abfa51b88ad6db6d82df	TYPE	PY_TYPE_325d8fd0ba3a48883f5b1bd661d4bef1	false		false	false	PY_SCOPE_5253c6980abebba734c188cf7d78e831	PY_MODULE_a33b8c4bbf1742fb9dadfea7d3a92e31	PY_BINDING_73b13ebc9ae7c47d27026eddaadef59f	SERVICE_VERSION_00000000000000000000000000000000	PY_IMPORT_7377480d4b0d9b863c76defc3c01dfe8
