name	pyScopeLinkHash	bindingKind	bindingOrigin	isParameter	isLocal	isGlobal	isNonlocal	isFree	isImported	isAssigned	isReferenced	isDeclaredGlobal	isAnnotated	isNamespace	bindingCount	firstBindingLine	lastBindingLine	declaredTypeName	declaredBaseType	potentialQualifiedName	isAmbiguous	targetEntityKind	targetEntityHash	pyModuleLinkHash	pyMethodLinkHash	filePath	serviceVersionLinkHash	pyBindingUniqueHash
Leaf	PY_SCOPE_3c613edd29e908501e094287155dad00	MODULE_LEVEL	CLASS_DEF	false	true	true	false	false	false	true	false	false	false	true	1	20	20				false	TYPE	PY_TYPE_f4b23e19ff1f7ecbd26ba8e655d8cd87	PY_MODULE_d28fbce0a513abfa51b88ad6db6d82df	PY_METHOD_22330a12005374ea1b1705c24d3d9eab	core/base.py	SERVICE_VERSION_00000000000000000000000000000000	PY_BINDING_7ab8060d1883f1dacaf681c9bb2b7b71
Node	PY_SCOPE_3c613edd29e908501e094287155dad00	MODULE_LEVEL	CLASS_DEF	false	true	true	false	false	false	true	true	false	false	true	1	4	4				false	TYPE	PY_TYPE_325d8fd0ba3a48883f5b1bd661d4bef1	PY_MODULE_d28fbce0a513abfa51b88ad6db6d82df	PY_METHOD_22330a12005374ea1b1705c24d3d9eab	core/base.py	SERVICE_VERSION_00000000000000000000000000000000	PY_BINDING_22c7cd06c8b01b79f46619638ac74819
Registry	PY_SCOPE_3c613edd29e908501e094287155dad00	MODULE_LEVEL	CLASS_DEF	false	true	true	false	false	false	true	false	false	false	true	1	26	26				false	TYPE	PY_TYPE_7d051928cdce6f2d1d3846fed8c732d7	PY_MODULE_d28fbce0a513abfa51b88ad6db6d82df	PY_METHOD_22330a12005374ea1b1705c24d3d9eab	core/base.py	SERVICE_VERSION_00000000000000000000000000000000	PY_BINDING_c87874d8c53fa686cda11eef6d872482
make_node	PY_SCOPE_3c613edd29e908501e094287155dad00	MODULE_LEVEL	FUNCTION_DEF	false	true	true	false	false	false	true	false	false	false	true	1	38	38				false	METHOD	PY_METHOD_7d2d6b1fcbe9f06e17ea6be3ea44f4cd	PY_MODULE_d28fbce0a513abfa51b88ad6db6d82df	PY_METHOD_22330a12005374ea1b1705c24d3d9eab	core/base.py	SERVICE_VERSION_00000000000000000000000000000000	PY_BINDING_62da648ed8da40996056bdaba9c097d6
make_registry	PY_SCOPE_3c613edd29e908501e094287155dad00	MODULE_LEVEL	FUNCTION_DEF	false	true	true	false	false	false	true	false	false	false	true	1	43	43				false	METHOD	PY_METHOD_de5e770015d0865e8824f96caa557604	PY_MODULE_d28fbce0a513abfa51b88ad6db6d82df	PY_METHOD_22330a12005374ea1b1705c24d3d9eab	core/base.py	SERVICE_VERSION_00000000000000000000000000000000	PY_BINDING_19103936b4256ede30d78cec6374599c
__init__	PY_SCOPE_b80d4d2eee187fba971c40495fe6afc1	CLASS_ATTRIBUTE	FUNCTION_DEF	false	true	false	false	false	false	true	false	false	false	true	1	5	5				false	METHOD	PY_METHOD_1d96ee91a2da9f3d4ed85847fa8e0e95	PY_MODULE_d28fbce0a513abfa51b88ad6db6d82df	PY_METHOD_881521ebf6b0e5f6e1118eadd845367d	core/base.py	SERVICE_VERSION_00000000000000000000000000000000	PY_BINDING_a2cca72dd25bb95b1ca851eefd404a16
add	PY_SCOPE_b80d4d2eee187fba971c40495fe6afc1	CLASS_ATTRIBUTE	FUNCTION_DEF	false	true	false	false	false	false	true	false	false	false	true	1	12	12				false	METHOD	PY_METHOD_884b206c00df93e05093f97d602c9a91	PY_MODULE_d28fbce0a513abfa51b88ad6db6d82df	PY_METHOD_881521ebf6b0e5f6e1118eadd845367d	core/base.py	SERVICE_VERSION_00000000000000000000000000000000	PY_BINDING_f09f537bc75b4096be3b0c1467d344d4
count	PY_SCOPE_b80d4d2eee187fba971c40495fe6afc1	CLASS_ATTRIBUTE	FUNCTION_DEF	false	true	false	false	false	false	true	false	false	false	true	1	16	16				false	METHOD	PY_METHOD_a5d67d36658ce980f455c0e1aa2174d5	PY_MODULE_d28fbce0a513abfa51b88ad6db6d82df	PY_METHOD_881521ebf6b0e5f6e1118eadd845367d	core/base.py	SERVICE_VERSION_00000000000000000000000000000000	PY_BINDING_e5b372f106b2dd4f0c0fae9b478757de
label	PY_SCOPE_b80d4d2eee187fba971c40495fe6afc1	CLASS_ATTRIBUTE	FUNCTION_DEF	false	true	false	false	false	false	true	false	false	false	true	1	9	9				false	METHOD	PY_METHOD_ce30c205d081a607b8a765e37d66ba71	PY_MODULE_d28fbce0a513abfa51b88ad6db6d82df	PY_METHOD_881521ebf6b0e5f6e1118eadd845367d	core/base.py	SERVICE_VERSION_00000000000000000000000000000000	PY_BINDING_4dcfbf9a3cb026e560705d4319ae5a76
name	PY_SCOPE_a5563037b650c206f59fdac34d53e9a9	PARAMETER	PARAMETER	true	true	false	false	false	false	false	true	false	false	false	1	5	5				false	PARAMETER	PY_METHOD_PARAMETER_0c0a91ac7ee723fe65a89f0f8b6b4bf9	PY_MODULE_d28fbce0a513abfa51b88ad6db6d82df	PY_METHOD_1d96ee91a2da9f3d4ed85847fa8e0e95	core/base.py	SERVICE_VERSION_00000000000000000000000000000000	PY_BINDING_5c7315804b4d95439c3886a09e1265e7
self	PY_SCOPE_a5563037b650c206f59fdac34d53e9a9	PARAMETER	PARAMETER	true	true	false	false	false	false	false	true	false	false	false	1	5	5				false	PARAMETER	PY_METHOD_PARAMETER_1de7f471ac405b971ba7f7cb1860f345	PY_MODULE_d28fbce0a513abfa51b88ad6db6d82df	PY_METHOD_1d96ee91a2da9f3d4ed85847fa8e0e95	core/base.py	SERVICE_VERSION_00000000000000000000000000000000	PY_BINDING_5e9cff90916a8977a19300132d4f8832
self	PY_SCOPE_be4552bc039e00d676c093564b9e05dd	PARAMETER	PARAMETER	true	true	false	false	false	false	false	true	false	false	false	1	9	9				false	PARAMETER	PY_METHOD_PARAMETER_4e764fc894494035bf2ddc5c07dc0c95	PY_MODULE_d28fbce0a513abfa51b88ad6db6d82df	PY_METHOD_ce30c205d081a607b8a765e37d66ba71	core/base.py	SERVICE_VERSION_00000000000000000000000000000000	PY_BINDING_6683939c008e7e9aa4a0b1ebeec4cc79
child	PY_SCOPE_b321497c2a5f55c35c4bbf6d5321a12e	PARAMETER	PARAMETER	true	true	false	false	false	false	false	true	false	false	false	1	12	12				false	PARAMETER	PY_METHOD_PARAMETER_2f72839bd36dac9cedff1811ab521a74	PY_MODULE_d28fbce0a513abfa51b88ad6db6d82df	PY_METHOD_884b206c00df93e05093f97d602c9a91	core/base.py	SERVICE_VERSION_00000000000000000000000000000000	PY_BINDING_07568d7bf0cdb6cfb8a6c6439d5b0042
self	PY_SCOPE_b321497c2a5f55c35c4bbf6d5321a12e	PARAMETER	PARAMETER	true	true	false	false	false	false	false	true	false	false	false	1	12	12				false	PARAMETER	PY_METHOD_PARAMETER_a8d0c94ec195d0ab6c3e7781f56cc92e	PY_MODULE_d28fbce0a513abfa51b88ad6db6d82df	PY_METHOD_884b206c00df93e05093f97d602c9a91	core/base.py	SERVICE_VERSION_00000000000000000000000000000000	PY_BINDING_407bc2cea1dfcce43f5d6968bcec131b
len	PY_SCOPE_1dcd4a86edeee12836f333d25b882507	GLOBAL_IMPLICIT	ASSIGNMENT	false	false	true	false	false	false	false	true	false	false	false	0	0	0				false	NONE		PY_MODULE_d28fbce0a513abfa51b88ad6db6d82df	PY_METHOD_a5d67d36658ce980f455c0e1aa2174d5	core/base.py	SERVICE_VERSION_00000000000000000000000000000000	PY_BINDING_cba57c895cb1516e23900d400d9d9d54
self	PY_SCOPE_1dcd4a86edeee12836f333d25b882507	PARAMETER	PARAMETER	true	true	false	false	false	false	false	true	false	false	false	1	16	16				false	PARAMETER	PY_METHOD_PARAMETER_4fa4388b58fe808dc27fb0a98ed7904d	PY_MODULE_d28fbce0a513abfa51b88ad6db6d82df	PY_METHOD_a5d67d36658ce980f455c0e1aa2174d5	core/base.py	SERVICE_VERSION_00000000000000000000000000000000	PY_BINDING_e61405108e109c4c7965bf874fb93201
label	PY_SCOPE_afe12fc9c7652fc5bc087d6581867ad6	CLASS_ATTRIBUTE	FUNCTION_DEF	false	true	false	false	false	false	true	false	false	false	true	1	21	21				false	METHOD	PY_METHOD_bcb7bfeecc00029ab553d1d400750db1	PY_MODULE_d28fbce0a513abfa51b88ad6db6d82df	PY_METHOD_78c79dc4d8ae19b87bc29a8f14f92bd7	core/base.py	SERVICE_VERSION_00000000000000000000000000000000	PY_BINDING_ae829e735349744f88b800f27f4659fd
__class__	PY_SCOPE_e8aef099a3e04f4d2accb59b99b37a86	FREE	ASSIGNMENT	false	false	false	false	true	false	false	true	false	false	false	0	0	0				false	NONE		PY_MODULE_d28fbce0a513abfa51b88ad6db6d82df	PY_METHOD_bcb7bfeecc00029ab553d1d400750db1	core/base.py	SERVICE_VERSION_00000000000000000000000000000000	PY_BINDING_f99dba87d324e57cf013c5c81a7c4db1
self	PY_SCOPE_e8aef099a3e04f4d2accb59b99b37a86	PARAMETER	PARAMETER	true	true	false	false	false	false	false	false	false	false	false	1	21	21				false	PARAMETER	PY_METHOD_PARAMETER_5a53392130566fed67d55ef10746e676	PY_MODULE_d28fbce0a513abfa51b88ad6db6d82df	PY_METHOD_bcb7bfeecc00029ab553d1d400750db1	core/base.py	SERVICE_VERSION_00000000000000000000000000000000	PY_BINDING_0615a61defc5f5518ca393a97e9c2243
super	PY_SCOPE_e8aef099a3e04f4d2accb59b99b37a86	GLOBAL_IMPLICIT	ASSIGNMENT	false	false	true	false	false	false	false	true	false	false	false	0	0	0				false	NONE		PY_MODULE_d28fbce0a513abfa51b88ad6db6d82df	PY_METHOD_bcb7bfeecc00029ab553d1d400750db1	core/base.py	SERVICE_VERSION_00000000000000000000000000000000	PY_BINDING_500b618cf213ee1ccca4e40dd86a199d
__init__	PY_SCOPE_04e7d16bbc63d31d0caca7089900b4dd	CLASS_ATTRIBUTE	FUNCTION_DEF	false	true	false	false	false	false	true	false	false	false	true	1	27	27				false	METHOD	PY_METHOD_29d34dde40fdbda38d1b7a232f746c70	PY_MODULE_d28fbce0a513abfa51b88ad6db6d82df	PY_METHOD_0e615a9d7cefd3dd877ab22523d475c4	core/base.py	SERVICE_VERSION_00000000000000000000000000000000	PY_BINDING_434ff23cc32b3d99ff34d23862e3a418
first	PY_SCOPE_04e7d16bbc63d31d0caca7089900b4dd	CLASS_ATTRIBUTE	FUNCTION_DEF	false	true	false	false	false	false	true	false	false	false	true	1	34	34				false	METHOD	PY_METHOD_7c5ffd94d87c21c27acde611d6418fe4	PY_MODULE_d28fbce0a513abfa51b88ad6db6d82df	PY_METHOD_0e615a9d7cefd3dd877ab22523d475c4	core/base.py	SERVICE_VERSION_00000000000000000000000000000000	PY_BINDING_feb73fe4fe9e5f5369938227ac1ee8b0
store	PY_SCOPE_04e7d16bbc63d31d0caca7089900b4dd	CLASS_ATTRIBUTE	FUNCTION_DEF	false	true	false	false	false	false	true	false	false	false	true	1	30	30				false	METHOD	PY_METHOD_fb122cdd681d1886b28ba6a5367477ce	PY_MODULE_d28fbce0a513abfa51b88ad6db6d82df	PY_METHOD_0e615a9d7cefd3dd877ab22523d475c4	core/base.py	SERVICE_VERSION_00000000000000000000000000000000	PY_BINDING_8e9d52b7b9f8fb9cb58e715c5e899d13
self	PY_SCOPE_7e913642935d739f9d5960a079855c85	PARAMETER	PARAMETER	true	true	false	false	false	false	false	true	false	false	false	1	27	27				false	PARAMETER	PY_METHOD_PARAMETER_08b4a77fc95144054a9751388e1cc7a3	PY_MODULE_d28fbce0a513abfa51b88ad6db6d82df	PY_METHOD_29d34dde40fdbda38d1b7a232f746c70	core/base.py	SERVICE_VERSION_00000000000000000000000000000000	PY_BINDING_e97849d277b98bbe58840c4e9793825f
node	PY_SCOPE_bdc4ac8c7b82a4f46bb55f07816f51ed	PARAMETER	PARAMETER	true	true	false	false	false	false	false	true	false	false	false	1	30	30				false	PARAMETER	PY_METHOD_PARAMETER_79bfcaf3f58be89115242c9f86d5953c	PY_MODULE_d28fbce0a513abfa51b88ad6db6d82df	PY_METHOD_fb122cdd681d1886b28ba6a5367477ce	core/base.py	SERVICE_VERSION_00000000000000000000000000000000	PY_BINDING_1b75a73458745c6bc53a04224523ce8e
self	PY_SCOPE_bdc4ac8c7b82a4f46bb55f07816f51ed	PARAMETER	PARAMETER	true	true	false	false	false	false	false	true	false	false	false	1	30	30				false	PARAMETER	PY_METHOD_PARAMETER_ca99ecf5dabbbd88cf5756a6ed1421e9	PY_MODULE_d28fbce0a513abfa51b88ad6db6d82df	PY_METHOD_fb122cdd681d1886b28ba6a5367477ce	core/base.py	SERVICE_VERSION_00000000000000000000000000000000	PY_BINDING_0d8f067b407a3d34344e6f9ac55b1d14
self	PY_SCOPE_4d05adea79b3e9d4c2a24fac1cd24639	PARAMETER	PARAMETER	true	true	false	false	false	false	false	true	false	false	false	1	34	34				false	PARAMETER	PY_METHOD_PARAMETER_3b8597da6c231393841278431c7d8258	PY_MODULE_d28fbce0a513abfa51b88ad6db6d82df	PY_METHOD_7c5ffd94d87c21c27acde611d6418fe4	core/base.py	SERVICE_VERSION_00000000000000000000000000000000	PY_BINDING_8e4fb85fd3d579b6e72f4b816ca9ac7c
Node	PY_SCOPE_dbb631c5ec7046decc74f319dd5878c6	GLOBAL_IMPLICIT	ASSIGNMENT	false	false	true	false	false	false	false	true	false	false	false	0	0	0				false	NONE		PY_MODULE_d28fbce0a513abfa51b88ad6db6d82df	PY_METHOD_7d2d6b1fcbe9f06e17ea6be3ea44f4cd	core/base.py	SERVICE_VERSION_00000000000000000000000000000000	PY_BINDING_707c1ca53e9dbe968de203c723c20cc2
name	PY_SCOPE_dbb631c5ec7046decc74f319dd5878c6	PARAMETER	PARAMETER	true	true	false	false	false	false	false	true	false	false	false	1	38	38				false	PARAMETER	PY_METHOD_PARAMETER_5dadb59ca1e77c273918b5d5ab8f2c43	PY_MODULE_d28fbce0a513abfa51b88ad6db6d82df	PY_METHOD_7d2d6b1fcbe9f06e17ea6be3ea44f4cd	core/base.py	SERVICE_VERSION_00000000000000000000000000000000	PY_BINDING_3499315ac3e69d5c0e7a72539de851c6
Registry	PY_SCOPE_976056fc81d098e7510456c8707358f0	GLOBAL_IMPLICIT	ASSIGNMENT	false	false	true	false	false	false	false	true	false	false	false	0	0	0				false	NONE		PY_MODULE_d28fbce0a513abfa51b88ad6db6d82df	PY_METHOD_de5e770015d0865e8824f96caa557604	core/base.py	SERVICE_VERSION_00000000000000000000000000000000	PY_BINDING_3b45962c0f796ec154143d907bc90fe1
Builder	PY_SCOPE_1a66b4df14c55812e96bca2cde6ce7be	MODULE_LEVEL	CLASS_DEF	false	true	true	false	false	false	true	true	false	false	true	1	5	5				false	TYPE	PY_TYPE_d5e01e41b5870f04c772d5d26d0912a3	PY_MODULE_6f13b60b719c68df32c58e7656b90f51	PY_METHOD_ab5cc7a30b6043be518aff1866d5e976	core/factory.py	SERVICE_VERSION_00000000000000000000000000000000	PY_BINDING_25731ad4a53bb67f896de98b6654f8b8
Node	PY_SCOPE_1a66b4df14c55812e96bca2cde6ce7be	IMPORTED	IMPORT	false	true	true	false	false	true	false	false	false	false	false	1	2	2				false	IMPORT	PY_IMPORT_c0d04ce195b5c698f9953786a50ce01f	PY_MODULE_6f13b60b719c68df32c58e7656b90f51	PY_METHOD_ab5cc7a30b6043be518aff1866d5e976	core/factory.py	SERVICE_VERSION_00000000000000000000000000000000	PY_BINDING_93723b59b0d611765341542982a3dcee
TypedBuilder	PY_SCOPE_1a66b4df14c55812e96bca2cde6ce7be	MODULE_LEVEL	CLASS_DEF	false	true	true	false	false	false	true	false	false	false	true	1	26	26				false	TYPE	PY_TYPE_0e60d2b02fb0b1a9548951707ae23860	PY_MODULE_6f13b60b719c68df32c58e7656b90f51	PY_METHOD_ab5cc7a30b6043be518aff1866d5e976	core/factory.py	SERVICE_VERSION_00000000000000000000000000000000	PY_BINDING_cc970b06d01e80ca084faece15509c3c
KIND	PY_SCOPE_872cde7e4bd17ab3b8bc1e061ffb847c	CLASS_ATTRIBUTE	ASSIGNMENT	false	true	false	false	false	false	true	false	false	false	false	1	6	6				false	NONE		PY_MODULE_6f13b60b719c68df32c58e7656b90f51	PY_METHOD_4761617a13024d7e5d2f4cddd8c63564	core/factory.py	SERVICE_VERSION_00000000000000000000000000000000	PY_BINDING_bf39417281e333ef17a45d9b5bff73e0
__init__	PY_SCOPE_872cde7e4bd17ab3b8bc1e061ffb847c	CLASS_ATTRIBUTE	FUNCTION_DEF	false	true	false	false	false	false	true	false	false	false	true	1	17	17				false	METHOD	PY_METHOD_ddf199e958543cb835d700a3097fe194	PY_MODULE_6f13b60b719c68df32c58e7656b90f51	PY_METHOD_4761617a13024d7e5d2f4cddd8c63564	core/factory.py	SERVICE_VERSION_00000000000000000000000000000000	PY_BINDING_e845df2fd3cbd72f059d1a5dc88b4090
build	PY_SCOPE_872cde7e4bd17ab3b8bc1e061ffb847c	CLASS_ATTRIBUTE	FUNCTION_DEF	false	true	false	false	false	false	true	false	false	false	true	1	21	21				false	METHOD	PY_METHOD_4e91b430ca727895aa1cd3776fc03e54	PY_MODULE_6f13b60b719c68df32c58e7656b90f51	PY_METHOD_4761617a13024d7e5d2f4cddd8c63564	core/factory.py	SERVICE_VERSION_00000000000000000000000000000000	PY_BINDING_0178436ff72f93455558c504c057f8a8
classmethod	PY_SCOPE_872cde7e4bd17ab3b8bc1e061ffb847c	GLOBAL_IMPLICIT	ASSIGNMENT	false	false	true	false	false	false	false	true	false	false	false	0	0	0				false	NONE		PY_MODULE_6f13b60b719c68df32c58e7656b90f51	PY_METHOD_4761617a13024d7e5d2f4cddd8c63564	core/factory.py	SERVICE_VERSION_00000000000000000000000000000000	PY_BINDING_a40aac8f6f9812116a493001d103828c
make_default	PY_SCOPE_872cde7e4bd17ab3b8bc1e061ffb847c	CLASS_ATTRIBUTE	FUNCTION_DEF	false	true	false	false	false	false	true	false	false	false	true	1	14	14				false	METHOD	PY_METHOD_735371219289ab8d6688fce54c3902f5	PY_MODULE_6f13b60b719c68df32c58e7656b90f51	PY_METHOD_4761617a13024d7e5d2f4cddd8c63564	core/factory.py	SERVICE_VERSION_00000000000000000000000000000000	PY_BINDING_0d871bd22ff9c899ecbf97f47ad6ab0c
of	PY_SCOPE_872cde7e4bd17ab3b8bc1e061ffb847c	CLASS_ATTRIBUTE	FUNCTION_DEF	false	true	false	false	false	false	true	false	false	false	true	1	9	9				false	METHOD	PY_METHOD_008a95de6c3dc8d4be3d2f07363743dc	PY_MODULE_6f13b60b719c68df32c58e7656b90f51	PY_METHOD_4761617a13024d7e5d2f4cddd8c63564	core/factory.py	SERVICE_VERSION_00000000000000000000000000000000	PY_BINDING_64ac53d21bf0332d5f5fc891ed4aa94d
cls	PY_SCOPE_e95f427b0f6858c36213854312ff6528	PARAMETER	PARAMETER	true	true	false	false	false	false	false	true	false	false	false	1	9	9				false	PARAMETER	PY_METHOD_PARAMETER_53e70c539f0d7da64b8385a5354974c2	PY_MODULE_6f13b60b719c68df32c58e7656b90f51	PY_METHOD_008a95de6c3dc8d4be3d2f07363743dc	core/factory.py	SERVICE_VERSION_00000000000000000000000000000000	PY_BINDING_c50c8e04b07bd2efb920e00a9e91806c
name	PY_SCOPE_e95f427b0f6858c36213854312ff6528	PARAMETER	PARAMETER	true	true	false	false	false	false	false	true	false	false	false	1	9	9				false	PARAMETER	PY_METHOD_PARAMETER_d661eb4cf5fc91a9256385d63fc1f3eb	PY_MODULE_6f13b60b719c68df32c58e7656b90f51	PY_METHOD_008a95de6c3dc8d4be3d2f07363743dc	core/factory.py	SERVICE_VERSION_00000000000000000000000000000000	PY_BINDING_228278a33eeb24c672cb44786d2f38ed
cls	PY_SCOPE_02db559850d7bfcf6bda8c2a9d135e95	PARAMETER	PARAMETER	true	true	false	false	false	false	false	true	false	false	false	1	14	14				false	PARAMETER	PY_METHOD_PARAMETER_2b7af159136356d07a0a785c9de55cfa	PY_MODULE_6f13b60b719c68df32c58e7656b90f51	PY_METHOD_735371219289ab8d6688fce54c3902f5	core/factory.py	SERVICE_VERSION_00000000000000000000000000000000	PY_BINDING_65db2fc50897b948dac98400070d7451
Node	PY_SCOPE_970188142bdbee7518a61e5cddc287e2	GLOBAL_IMPLICIT	ASSIGNMENT	false	false	true	false	false	false	false	true	false	false	false	0	0	0				false	NONE		PY_MODULE_6f13b60b719c68df32c58e7656b90f51	PY_METHOD_ddf199e958543cb835d700a3097fe194	core/factory.py	SERVICE_VERSION_00000000000000000000000000000000	PY_BINDING_a290608cca4993bea7d54c15a0dc4a4b
name	PY_SCOPE_970188142bdbee7518a61e5cddc287e2	PARAMETER	PARAMETER	true	true	false	false	false	false	false	true	false	false	false	1	17	17				false	PARAMETER	PY_METHOD_PARAMETER_57bdfef9c4a31389270403937c8d5dfc	PY_MODULE_6f13b60b719c68df32c58e7656b90f51	PY_METHOD_ddf199e958543cb835d700a3097fe194	core/factory.py	SERVICE_VERSION_00000000000000000000000000000000	PY_BINDING_6e7b34598664a5737b66e260f98cb1b1
self	PY_SCOPE_970188142bdbee7518a61e5cddc287e2	PARAMETER	PARAMETER	true	true	false	false	false	false	false	true	false	false	false	1	17	17				false	PARAMETER	PY_METHOD_PARAMETER_39a79bf1a5eb2e886229f8da7b71bd27	PY_MODULE_6f13b60b719c68df32c58e7656b90f51	PY_METHOD_ddf199e958543cb835d700a3097fe194	core/factory.py	SERVICE_VERSION_00000000000000000000000000000000	PY_BINDING_b5a43ef2f02c000390f11e8e08961e7e
self	PY_SCOPE_d4a546f62e9bdfe27fe752c3a360636a	PARAMETER	PARAMETER	true	true	false	false	false	false	false	true	false	false	false	1	21	21				false	PARAMETER	PY_METHOD_PARAMETER_9ab7e16fc9360993bc4c615ef4f093bd	PY_MODULE_6f13b60b719c68df32c58e7656b90f51	PY_METHOD_4e91b430ca727895aa1cd3776fc03e54	core/factory.py	SERVICE_VERSION_00000000000000000000000000000000	PY_BINDING_74167c92c56c92c5fbc8dc854b3c3e0f
build	PY_SCOPE_606e6a856ac765bd78cfdfdc6f5c1df8	CLASS_ATTRIBUTE	FUNCTION_DEF	false	true	false	false	false	false	true	false	false	false	true	1	27	27				false	METHOD	PY_METHOD_5a09ae9b62212b370ffe2ccd419cd026	PY_MODULE_6f13b60b719c68df32c58e7656b90f51	PY_METHOD_862d2b5b9ea8efef837ee3c61537a622	core/factory.py	SERVICE_VERSION_00000000000000000000000000000000	PY_BINDING_b63f58124464b214ca18713807b5bc45
Node	PY_SCOPE_344696e07e745ee4ea6927e6867287f5	GLOBAL_IMPLICIT	ASSIGNMENT	false	false	true	false	false	false	false	true	false	false	false	0	0	0				false	NONE		PY_MODULE_6f13b60b719c68df32c58e7656b90f51	PY_METHOD_5a09ae9b62212b370ffe2ccd419cd026	core/factory.py	SERVICE_VERSION_00000000000000000000000000000000	PY_BINDING_f5c95dfa9aca2b8fa19cdf9f8ba18c63
self	PY_SCOPE_344696e07e745ee4ea6927e6867287f5	PARAMETER	PARAMETER	true	true	false	false	false	false	false	true	false	false	false	1	27	27				false	PARAMETER	PY_METHOD_PARAMETER_4f8a248cadc6cfa8f71686d7016db1b7	PY_MODULE_6f13b60b719c68df32c58e7656b90f51	PY_METHOD_5a09ae9b62212b370ffe2ccd419cd026	core/factory.py	SERVICE_VERSION_00000000000000000000000000000000	PY_BINDING_f3028d51297b86f00198f1795eabf037
Builder	PY_SCOPE_0bf43928df02f343fb410edc300b2bbf	IMPORTED	IMPORT	false	true	true	false	false	true	false	false	false	false	false	1	7	7				false	IMPORT	PY_IMPORT_1472e852a36f63494ce54a6d61092e9b	PY_MODULE_774333793bea69d5a3272a3a6a444e6f	PY_METHOD_d8fafed7f87f116a2e1781226cd15529	services/consumer.py	SERVICE_VERSION_00000000000000000000000000000000	PY_BINDING_7e9d1f35e815bc331473efd44e0dcf76
Node	PY_SCOPE_0bf43928df02f343fb410edc300b2bbf	IMPORTED	IMPORT	false	true	true	false	false	true	false	false	false	false	false	1	6	6				false	IMPORT	PY_IMPORT_eea007f0fbc3cece0ac7a5c8d6a299d1	PY_MODULE_774333793bea69d5a3272a3a6a444e6f	PY_METHOD_d8fafed7f87f116a2e1781226cd15529	services/consumer.py	SERVICE_VERSION_00000000000000000000000000000000	PY_BINDING_ed07b3315bf2ac573d0adc803f74c8b0
Registry	PY_SCOPE_0bf43928df02f343fb410edc300b2bbf	IMPORTED	IMPORT	false	true	true	false	false	true	false	false	false	false	false	1	6	6				false	IMPORT	PY_IMPORT_5121191edfac8e97ea6a9aea8924da4c	PY_MODULE_774333793bea69d5a3272a3a6a444e6f	PY_METHOD_d8fafed7f87f116a2e1781226cd15529	services/consumer.py	SERVICE_VERSION_00000000000000000000000000000000	PY_BINDING_a254a9b12bd73e0103e4249e1c4c5ed8
TypedBuilder	PY_SCOPE_0bf43928df02f343fb410edc300b2bbf	IMPORTED	IMPORT	false	true	true	false	false	true	false	false	false	false	false	1	7	7				false	IMPORT	PY_IMPORT_b9e50ebb30caebac7c9c06ad80729015	PY_MODULE_774333793bea69d5a3272a3a6a444e6f	PY_METHOD_d8fafed7f87f116a2e1781226cd15529	services/consumer.py	SERVICE_VERSION_00000000000000000000000000000000	PY_BINDING_7607247ff5037d14f8cf3003a842bb75
attribute_chain_depth_three	PY_SCOPE_0bf43928df02f343fb410edc300b2bbf	MODULE_LEVEL	FUNCTION_DEF	false	true	true	false	false	false	true	false	false	false	true	1	47	47				false	METHOD	PY_METHOD_c9011abaa6f762260b60df3c7a4a5383	PY_MODULE_774333793bea69d5a3272a3a6a444e6f	PY_METHOD_d8fafed7f87f116a2e1781226cd15529	services/consumer.py	SERVICE_VERSION_00000000000000000000000000000000	PY_BINDING_a75cd7dc90e8e95c33719a07377510b1
consume	PY_SCOPE_0bf43928df02f343fb410edc300b2bbf	MODULE_LEVEL	FUNCTION_DEF	false	true	true	false	false	false	true	false	false	false	true	1	42	42				false	METHOD	PY_METHOD_1ee49da1b04115f4f920851320ae83f0	PY_MODULE_774333793bea69d5a3272a3a6a444e6f	PY_METHOD_d8fafed7f87f116a2e1781226cd15529	services/consumer.py	SERVICE_VERSION_00000000000000000000000000000000	PY_BINDING_008c3f838a08bdcf56780e217aa9d90a
local_chain	PY_SCOPE_0bf43928df02f343fb410edc300b2bbf	MODULE_LEVEL	FUNCTION_DEF	false	true	true	false	false	false	true	false	false	false	true	1	31	31				false	METHOD	PY_METHOD_23d191e47abf73ad0654887b883f6a0c	PY_MODULE_774333793bea69d5a3272a3a6a444e6f	PY_METHOD_d8fafed7f87f116a2e1781226cd15529	services/consumer.py	SERVICE_VERSION_00000000000000000000000000000000	PY_BINDING_81cf46c5fec26f3d8bb33fb48f62a5b5
local_from_classmethod	PY_SCOPE_0bf43928df02f343fb410edc300b2bbf	MODULE_LEVEL	FUNCTION_DEF	false	true	true	false	false	false	true	false	false	false	true	1	20	20				false	METHOD	PY_METHOD_f33c64fd920235565cc59cec041d80cc	PY_MODULE_774333793bea69d5a3272a3a6a444e6f	PY_METHOD_d8fafed7f87f116a2e1781226cd15529	services/consumer.py	SERVICE_VERSION_00000000000000000000000000000000	PY_BINDING_d964d0d67aea8c1f34814573054d4ec2
local_from_constructor	PY_SCOPE_0bf43928df02f343fb410edc300b2bbf	MODULE_LEVEL	FUNCTION_DEF	false	true	true	false	false	false	true	false	false	false	true	1	10	10				false	METHOD	PY_METHOD_a2047fc142658e71bc0922b866956fee	PY_MODULE_774333793bea69d5a3272a3a6a444e6f	PY_METHOD_d8fafed7f87f116a2e1781226cd15529	services/consumer.py	SERVICE_VERSION_00000000000000000000000000000000	PY_BINDING_4b3023a15b20a90e7774a1461fe4d72c
local_from_module_function	PY_SCOPE_0bf43928df02f343fb410edc300b2bbf	MODULE_LEVEL	FUNCTION_DEF	false	true	true	false	false	false	true	false	false	false	true	1	15	15				false	METHOD	PY_METHOD_0f9364c1f0cad2d880d4d26bc85e801e	PY_MODULE_774333793bea69d5a3272a3a6a444e6f	PY_METHOD_d8fafed7f87f116a2e1781226cd15529	services/consumer.py	SERVICE_VERSION_00000000000000000000000000000000	PY_BINDING_2c01f30ecdc7da2e189e422044bce8a8
local_passed_as_argument	PY_SCOPE_0bf43928df02f343fb410edc300b2bbf	MODULE_LEVEL	FUNCTION_DEF	false	true	true	false	false	false	true	false	false	false	true	1	37	37				false	METHOD	PY_METHOD_9bfe8291c74f01115a62c5a09438cd61	PY_MODULE_774333793bea69d5a3272a3a6a444e6f	PY_METHOD_d8fafed7f87f116a2e1781226cd15529	services/consumer.py	SERVICE_VERSION_00000000000000000000000000000000	PY_BINDING_edc680574e0f6e6963d839b8f7b909fe
local_reassigned_same_type	PY_SCOPE_0bf43928df02f343fb410edc300b2bbf	MODULE_LEVEL	FUNCTION_DEF	false	true	true	false	false	false	true	false	false	false	true	1	25	25				false	METHOD	PY_METHOD_e4869dc8c57fbd22abd3fb43f6b7c899	PY_MODULE_774333793bea69d5a3272a3a6a444e6f	PY_METHOD_d8fafed7f87f116a2e1781226cd15529	services/consumer.py	SERVICE_VERSION_00000000000000000000000000000000	PY_BINDING_07479f5eb778a079bd313a4d4f4820e8
make_node	PY_SCOPE_0bf43928df02f343fb410edc300b2bbf	IMPORTED	IMPORT	false	true	true	false	false	true	false	false	false	false	false	1	6	6				false	IMPORT	PY_IMPORT_6ccba7dcc147b71aeb02d06901e996fa	PY_MODULE_774333793bea69d5a3272a3a6a444e6f	PY_METHOD_d8fafed7f87f116a2e1781226cd15529	services/consumer.py	SERVICE_VERSION_00000000000000000000000000000000	PY_BINDING_b9a953f52f9133bf63321cc79af115b0
make_registry	PY_SCOPE_0bf43928df02f343fb410edc300b2bbf	IMPORTED	IMPORT	false	true	true	false	false	true	false	false	false	false	false	1	6	6				false	IMPORT	PY_IMPORT_dcf7e6fa08e046b96d82b9dbfe4f7bd8	PY_MODULE_774333793bea69d5a3272a3a6a444e6f	PY_METHOD_d8fafed7f87f116a2e1781226cd15529	services/consumer.py	SERVICE_VERSION_00000000000000000000000000000000	PY_BINDING_31909002c474f9b486fc2485d6754876
Node	PY_SCOPE_129c3ab2026fb54aa84df8615a07722c	GLOBAL_IMPLICIT	ASSIGNMENT	false	false	true	false	false	false	false	true	false	false	false	0	0	0				false	NONE		PY_MODULE_774333793bea69d5a3272a3a6a444e6f	PY_METHOD_a2047fc142658e71bc0922b866956fee	services/consumer.py	SERVICE_VERSION_00000000000000000000000000000000	PY_BINDING_8485a804b7e76311fe62e1f791f3ef65
node	PY_SCOPE_129c3ab2026fb54aa84df8615a07722c	LOCAL	ASSIGNMENT	false	true	false	false	false	false	true	true	false	false	false	1	11	11				false	NONE		PY_MODULE_774333793bea69d5a3272a3a6a444e6f	PY_METHOD_a2047fc142658e71bc0922b866956fee	services/consumer.py	SERVICE_VERSION_00000000000000000000000000000000	PY_BINDING_5aaf0e16578c2749a554f9752af07292
make_node	PY_SCOPE_d0317c3794a8d1b8b2b61d2be68d3d7f	GLOBAL_IMPLICIT	ASSIGNMENT	false	false	true	false	false	false	false	true	false	false	false	0	0	0				false	NONE		PY_MODULE_774333793bea69d5a3272a3a6a444e6f	PY_METHOD_0f9364c1f0cad2d880d4d26bc85e801e	services/consumer.py	SERVICE_VERSION_00000000000000000000000000000000	PY_BINDING_edc5a87b95eaabe5b09fbd4a0b34ed29
node	PY_SCOPE_d0317c3794a8d1b8b2b61d2be68d3d7f	LOCAL	ASSIGNMENT	false	true	false	false	false	false	true	true	false	false	false	1	16	16				false	NONE		PY_MODULE_774333793bea69d5a3272a3a6a444e6f	PY_METHOD_0f9364c1f0cad2d880d4d26bc85e801e	services/consumer.py	SERVICE_VERSION_00000000000000000000000000000000	PY_BINDING_1bc3ffffc7ff2c366cf10db0c2127b0d
Builder	PY_SCOPE_44274049ced0d3ff8f3f7ddd402b4d54	GLOBAL_IMPLICIT	ASSIGNMENT	false	false	true	false	false	false	false	true	false	false	false	0	0	0				false	NONE		PY_MODULE_774333793bea69d5a3272a3a6a444e6f	PY_METHOD_f33c64fd920235565cc59cec041d80cc	services/consumer.py	SERVICE_VERSION_00000000000000000000000000000000	PY_BINDING_b2dd39245cf38b01fa37106d72ec1b92
builder	PY_SCOPE_44274049ced0d3ff8f3f7ddd402b4d54	LOCAL	ASSIGNMENT	false	true	false	false	false	false	true	true	false	false	false	1	21	21				false	NONE		PY_MODULE_774333793bea69d5a3272a3a6a444e6f	PY_METHOD_f33c64fd920235565cc59cec041d80cc	services/consumer.py	SERVICE_VERSION_00000000000000000000000000000000	PY_BINDING_957c811388708364c0221ff97c7ae6b0
Node	PY_SCOPE_82fbe6070bd079b52c30666f54b90851	GLOBAL_IMPLICIT	ASSIGNMENT	false	false	true	false	false	false	false	true	false	false	false	0	0	0				false	NONE		PY_MODULE_774333793bea69d5a3272a3a6a444e6f	PY_METHOD_e4869dc8c57fbd22abd3fb43f6b7c899	services/consumer.py	SERVICE_VERSION_00000000000000000000000000000000	PY_BINDING_9cee805a796532c2d35b61fc57303189
node	PY_SCOPE_82fbe6070bd079b52c30666f54b90851	LOCAL	ASSIGNMENT	false	true	false	false	false	false	true	true	false	false	false	2	26	27				false	NONE		PY_MODULE_774333793bea69d5a3272a3a6a444e6f	PY_METHOD_e4869dc8c57fbd22abd3fb43f6b7c899	services/consumer.py	SERVICE_VERSION_00000000000000000000000000000000	PY_BINDING_06cb9fa0f869207c802cff138375bdc9
Node	PY_SCOPE_a8c96ec79443474cdeeba217a92f7d09	GLOBAL_IMPLICIT	ASSIGNMENT	false	false	true	false	false	false	false	true	false	false	false	0	0	0				false	NONE		PY_MODULE_774333793bea69d5a3272a3a6a444e6f	PY_METHOD_23d191e47abf73ad0654887b883f6a0c	services/consumer.py	SERVICE_VERSION_00000000000000000000000000000000	PY_BINDING_b541e57c7da9320ff53649ebf5cb4fab
make_registry	PY_SCOPE_a8c96ec79443474cdeeba217a92f7d09	GLOBAL_IMPLICIT	ASSIGNMENT	false	false	true	false	false	false	false	true	false	false	false	0	0	0				false	NONE		PY_MODULE_774333793bea69d5a3272a3a6a444e6f	PY_METHOD_23d191e47abf73ad0654887b883f6a0c	services/consumer.py	SERVICE_VERSION_00000000000000000000000000000000	PY_BINDING_8fdbde8904ef0b454158df8cfae39ce3
reg	PY_SCOPE_a8c96ec79443474cdeeba217a92f7d09	LOCAL	ASSIGNMENT	false	true	false	false	false	false	true	true	false	false	false	1	32	32				false	NONE		PY_MODULE_774333793bea69d5a3272a3a6a444e6f	PY_METHOD_23d191e47abf73ad0654887b883f6a0c	services/consumer.py	SERVICE_VERSION_00000000000000000000000000000000	PY_BINDING_429e9d5ec1b28cc1781b0d1b1728de5c
Node	PY_SCOPE_82992e5329b24ebb7683a2a334e52b2b	GLOBAL_IMPLICIT	ASSIGNMENT	false	false	true	false	false	false	false	true	false	false	false	0	0	0				false	NONE		PY_MODULE_774333793bea69d5a3272a3a6a444e6f	PY_METHOD_9bfe8291c74f01115a62c5a09438cd61	services/consumer.py	SERVICE_VERSION_00000000000000000000000000000000	PY_BINDING_fbfe98b4c6a8c1c5a7fe73160f863b6b
consume	PY_SCOPE_82992e5329b24ebb7683a2a334e52b2b	GLOBAL_IMPLICIT	ASSIGNMENT	false	false	true	false	false	false	false	true	false	false	false	0	0	0				false	NONE		PY_MODULE_774333793bea69d5a3272a3a6a444e6f	PY_METHOD_9bfe8291c74f01115a62c5a09438cd61	services/consumer.py	SERVICE_VERSION_00000000000000000000000000000000	PY_BINDING_4388c6eb730b0e7ea349a2b6f2477afd
node	PY_SCOPE_82992e5329b24ebb7683a2a334e52b2b	LOCAL	ASSIGNMENT	false	true	false	false	false	false	true	true	false	false	false	1	38	38				false	NONE		PY_MODULE_774333793bea69d5a3272a3a6a444e6f	PY_METHOD_9bfe8291c74f01115a62c5a09438cd61	services/consumer.py	SERVICE_VERSION_00000000000000000000000000000000	PY_BINDING_af50bdcbfc62d46f7526301959491613
node	PY_SCOPE_d0ea1468c5ed07eba87ffa5bc60cc3c3	PARAMETER	PARAMETER	true	true	false	false	false	false	false	true	false	false	false	1	42	42				false	PARAMETER	PY_METHOD_PARAMETER_0e0b5563bb3644a20b28d6178efe88ae	PY_MODULE_774333793bea69d5a3272a3a6a444e6f	PY_METHOD_1ee49da1b04115f4f920851320ae83f0	services/consumer.py	SERVICE_VERSION_00000000000000000000000000000000	PY_BINDING_8b0e222056422c4ee53e6bfad2ecaf7b
Node	PY_SCOPE_4747c972dbab74c929b2e8645e086da9	GLOBAL_IMPLICIT	ASSIGNMENT	false	false	true	false	false	false	false	true	false	false	false	0	0	0				false	NONE		PY_MODULE_774333793bea69d5a3272a3a6a444e6f	PY_METHOD_c9011abaa6f762260b60df3c7a4a5383	services/consumer.py	SERVICE_VERSION_00000000000000000000000000000000	PY_BINDING_0e376bac780402850aa544877608c365
TypedBuilder	PY_SCOPE_4747c972dbab74c929b2e8645e086da9	GLOBAL_IMPLICIT	ASSIGNMENT	false	false	true	false	false	false	false	true	false	false	false	0	0	0				false	NONE		PY_MODULE_774333793bea69d5a3272a3a6a444e6f	PY_METHOD_c9011abaa6f762260b60df3c7a4a5383	services/consumer.py	SERVICE_VERSION_00000000000000000000000000000000	PY_BINDING_a44d5cba79bbda83708c425f3629b53a
builder	PY_SCOPE_4747c972dbab74c929b2e8645e086da9	LOCAL	ASSIGNMENT	false	true	false	false	false	false	true	true	false	false	false	1	48	48				false	NONE		PY_MODULE_774333793bea69d5a3272a3a6a444e6f	PY_METHOD_c9011abaa6f762260b60df3c7a4a5383	services/consumer.py	SERVICE_VERSION_00000000000000000000000000000000	PY_BINDING_28c521c76694c076614eecf919fec91d
DeepLeaf	PY_SCOPE_5253c6980abebba734c188cf7d78e831	MODULE_LEVEL	CLASS_DEF	false	true	true	false	false	false	true	false	false	false	true	1	16	16				false	TYPE	PY_TYPE_fa48ec5ab50907cf209ac2b863a623cb	PY_MODULE_a33b8c4bbf1742fb9dadfea7d3a92e31	PY_METHOD_c8156bf9dfbf065d0bf7b847ba5e38ef	services/inheritance.py	SERVICE_VERSION_00000000000000000000000000000000	PY_BINDING_fcb6ab5ece77a18b8d3355b84677fc3d
Leaf	PY_SCOPE_5253c6980abebba734c188cf7d78e831	IMPORTED	IMPORT	false	true	true	false	false	true	false	true	false	false	false	1	2	2				false	IMPORT	PY_IMPORT_1ed42f82da7e5187ec21961684d6f444	PY_MODULE_a33b8c4bbf1742fb9dadfea7d3a92e31	PY_METHOD_c8156bf9dfbf065d0bf7b847ba5e38ef	services/inheritance.py	SERVICE_VERSION_00000000000000000000000000000000	PY_BINDING_10a9afcadafc97c5856f17df4ec84b72
Node	PY_SCOPE_5253c6980abebba734c188cf7d78e831	IMPORTED	IMPORT	false	true	true	false	false	true	false	true	false	false	false	1	2	2				false	IMPORT	PY_IMPORT_7377480d4b0d9b863c76defc3c01dfe8	PY_MODULE_a33b8c4bbf1742fb9dadfea7d3a92e31	PY_METHOD_c8156bf9dfbf065d0bf7b847ba5e38ef	services/inheritance.py	SERVICE_VERSION_00000000000000000000000000000000	PY_BINDING_73b13ebc9ae7c47d27026eddaadef59f
Tagged	PY_SCOPE_5253c6980abebba734c188cf7d78e831	MODULE_LEVEL	CLASS_DEF	false	true	true	false	false	false	true	false	false	false	true	1	5	5				false	TYPE	PY_TYPE_29dbf7f364098ccee10a7f6219a69f40	PY_MODULE_a33b8c4bbf1742fb9dadfea7d3a92e31	PY_METHOD_c8156bf9dfbf065d0bf7b847ba5e38ef	services/inheritance.py	SERVICE_VERSION_00000000000000000000000000000000	PY_BINDING_6e6d94d6c901b1023356e924870f89f0
describe	PY_SCOPE_6a879cd3c1e1a8f94d51f0704a3941c7	CLASS_ATTRIBUTE	FUNCTION_DEF	false	true	false	false	false	false	true	false	false	false	true	1	9	9				false	METHOD	PY_METHOD_a56a6fce5741378568dd2b27346561c1	PY_MODULE_a33b8c4bbf1742fb9dadfea7d3a92e31	PY_METHOD_b69f4f1e2470a18d8544accb6c58c9f7	services/inheritance.py	SERVICE_VERSION_00000000000000000000000000000000	PY_BINDING_5e3ac86ee4c22c7c369addbec514b627
label	PY_SCOPE_6a879cd3c1e1a8f94d51f0704a3941c7	CLASS_ATTRIBUTE	FUNCTION_DEF	false	true	false	false	false	false	true	false	false	false	true	1	6	6				false	METHOD	PY_METHOD_e02a565ade91c49cb03c1e386163139b	PY_MODULE_a33b8c4bbf1742fb9dadfea7d3a92e31	PY_METHOD_b69f4f1e2470a18d8544accb6c58c9f7	services/inheritance.py	SERVICE_VERSION_00000000000000000000000000000000	PY_BINDING_ae135711493b5ebef9225a756eafb32c
total	PY_SCOPE_6a879cd3c1e1a8f94d51f0704a3941c7	CLASS_ATTRIBUTE	FUNCTION_DEF	false	true	false	false	false	false	true	false	false	false	true	1	12	12				false	METHOD	PY_METHOD_27201ffe00b332a089d5a921b841ce9e	PY_MODULE_a33b8c4bbf1742fb9dadfea7d3a92e31	PY_METHOD_b69f4f1e2470a18d8544accb6c58c9f7	services/inheritance.py	SERVICE_VERSION_00000000000000000000000000000000	PY_BINDING_d8bd3856fdb4c138b6605c5fda6a5472
__class__	PY_SCOPE_5650478ce085143af2263dc943c35f1f	FREE	ASSIGNMENT	false	false	false	false	true	false	false	true	false	false	false	0	0	0				false	NONE		PY_MODULE_a33b8c4bbf1742fb9dadfea7d3a92e31	PY_METHOD_e02a565ade91c49cb03c1e386163139b	services/inheritance.py	SERVICE_VERSION_00000000000000000000000000000000	PY_BINDING_0ac05dae2045f1181a6d81821eb8b5f8
self	PY_SCOPE_5650478ce085143af2263dc943c35f1f	PARAMETER	PARAMETER	true	true	false	false	false	false	false	false	false	false	false	1	6	6				false	PARAMETER	PY_METHOD_PARAMETER_c8fab5aade29261c213a5bc27b067efe	PY_MODULE_a33b8c4bbf1742fb9dadfea7d3a92e31	PY_METHOD_e02a565ade91c49cb03c1e386163139b	services/inheritance.py	SERVICE_VERSION_00000000000000000000000000000000	PY_BINDING_d134d774a9d28cfa7b8a498defc96633
super	PY_SCOPE_5650478ce085143af2263dc943c35f1f	GLOBAL_IMPLICIT	ASSIGNMENT	false	false	true	false	false	false	false	true	false	false	false	0	0	0				false	NONE		PY_MODULE_a33b8c4bbf1742fb9dadfea7d3a92e31	PY_METHOD_e02a565ade91c49cb03c1e386163139b	services/inheritance.py	SERVICE_VERSION_00000000000000000000000000000000	PY_BINDING_37efbb8d75ad5e4d34dec18aeeb6ef09
self	PY_SCOPE_3996261f7ade2ec2e1efe64739152063	PARAMETER	PARAMETER	true	true	false	false	false	false	false	true	false	false	false	1	9	9				false	PARAMETER	PY_METHOD_PARAMETER_9b7c343c6b17dafd31e031ea718a267d	PY_MODULE_a33b8c4bbf1742fb9dadfea7d3a92e31	PY_METHOD_a56a6fce5741378568dd2b27346561c1	services/inheritance.py	SERVICE_VERSION_00000000000000000000000000000000	PY_BINDING_cc062484612a825d081b10417a483b57
self	PY_SCOPE_7d189af6271ee6e2aea0e4dbb34cc74f	PARAMETER	PARAMETER	true	true	false	false	false	false	false	true	false	false	false	1	12	12				false	PARAMETER	PY_METHOD_PARAMETER_3b32c31d10142070300349e2161a3c86	PY_MODULE_a33b8c4bbf1742fb9dadfea7d3a92e31	PY_METHOD_27201ffe00b332a089d5a921b841ce9e	services/inheritance.py	SERVICE_VERSION_00000000000000000000000000000000	PY_BINDING_34256744d3dd620b484ac8e4f3e28eea
label	PY_SCOPE_eca242d6b6cb31d3fd5a6846e682903f	CLASS_ATTRIBUTE	FUNCTION_DEF	false	true	false	false	false	false	true	false	false	false	true	1	17	17				false	METHOD	PY_METHOD_3a89c21de61d1b96655170f7c31ef7c6	PY_MODULE_a33b8c4bbf1742fb9dadfea7d3a92e31	PY_METHOD_d7fd8d0399a1a15b6f0c91093d68df84	services/inheritance.py	SERVICE_VERSION_00000000000000000000000000000000	PY_BINDING_dc5ff881ad5b5ce27cac019a34dc945c
__class__	PY_SCOPE_c38cbf2a309caf948f6650cd0d3b4286	FREE	ASSIGNMENT	false	false	false	false	true	false	false	true	false	false	false	0	0	0				false	NONE		PY_MODULE_a33b8c4bbf1742fb9dadfea7d3a92e31	PY_METHOD_3a89c21de61d1b96655170f7c31ef7c6	services/inheritance.py	SERVICE_VERSION_00000000000000000000000000000000	PY_BINDING_7c0d1bad4f5a54493763fe57bc6fe169
self	PY_SCOPE_c38cbf2a309caf948f6650cd0d3b4286	PARAMETER	PARAMETER	true	true	false	false	false	false	false	false	false	false	false	1	17	17				false	PARAMETER	PY_METHOD_PARAMETER_1a523c870bc54cad6f648121472399f2	PY_MODULE_a33b8c4bbf1742fb9dadfea7d3a92e31	PY_METHOD_3a89c21de61d1b96655170f7c31ef7c6	services/inheritance.py	SERVICE_VERSION_00000000000000000000000000000000	PY_BINDING_2abcad145a88d80262aa50740798ab8e
super	PY_SCOPE_c38cbf2a309caf948f6650cd0d3b4286	GLOBAL_IMPLICIT	ASSIGNMENT	false	false	true	false	false	false	false	true	false	false	false	0	0	0				false	NONE		PY_MODULE_a33b8c4bbf1742fb9dadfea7d3a92e31	PY_METHOD_3a89c21de61d1b96655170f7c31ef7c6	services/inheritance.py	SERVICE_VERSION_00000000000000000000000000000000	PY_BINDING_642612143d55ed1f34fa6782c3338eec
