kind	edgeRole	rootContext	expressionOwnerKind	pyTypeLinkHash	expressionOwnerHash	parentExpressionHash	position	depth	literalType	literalValue	comprehensionKind	unaryFixity	operatorString	referencedEntityKind	referencedEntityHash	lambdaScopeHash	potentialQualifiedName	isAmbiguous	returnStatementIndex	startLine	startColumn	endLine	endColumn	pyScopeLinkHash	pyModuleLinkHash	bindingLinkHash	nameContext	isWrite	argumentKeywordName	isAwaited	isStarred	dottedPath	inferredTypeName	inferredTypeKind	inferenceEvidence	inferenceConfidence	serviceVersionLinkHash	pyExpressionUniqueHash
LITERAL	ROOT	MODULE_LEVEL_STATEMENT	METHOD		PY_METHOD_1ec9dd6cff96c8d149e5e988044c5acd		0	0	STRING	Closed world: nothing imported from outside this package.	NONE	NONE		UNKNOWN				false		1	0	1	63	PY_SCOPE_295594e03a9a1a16619070d1ea44e657	PY_MODULE_933b805b0d496400952bb195a87ddcc4		LOAD	false		false	false		str	BUILTIN_SCALAR	LITERAL	CERTAIN	SERVICE_VERSION_00000000000000000000000000000000	PY_EXPRESSION_af0ce859970db14a5ab18c6ce4413bd1
LITERAL	ROOT	MODULE_LEVEL_STATEMENT	METHOD		PY_METHOD_22330a12005374ea1b1705c24d3d9eab		0	0	STRING	Declaration site. Everything else in the benchmark resolves back to here.	NONE	NONE		UNKNOWN				false		1	0	1	79	PY_SCOPE_3c613edd29e908501e094287155dad00	PY_MODULE_d28fbce0a513abfa51b88ad6db6d82df		LOAD	false		false	false		str	BUILTIN_SCALAR	LITERAL	CERTAIN	SERVICE_VERSION_00000000000000000000000000000000	PY_EXPRESSION_618340797bb525f1b910a043ebea4114
NAME_REFERENCE	ASSIGNMENT_VALUE	ASSIGNMENT_VALUE	METHOD	PY_TYPE_325d8fd0ba3a48883f5b1bd661d4bef1	PY_METHOD_1d96ee91a2da9f3d4ed85847fa8e0e95		0	0		name	NONE	NONE		UNKNOWN				false		6	20	6	24	PY_SCOPE_a5563037b650c206f59fdac34d53e9a9	PY_MODULE_d28fbce0a513abfa51b88ad6db6d82df	PY_BINDING_5c7315804b4d95439c3886a09e1265e7	LOAD	false		false	false			UNKNOWN	NONE	NONE	SERVICE_VERSION_00000000000000000000000000000000	PY_EXPRESSION_ffedee2e86dfc416633d54e4e6262f9e
ATTRIBUTE_ACCESS	ASSIGNMENT_TARGET	ASSIGNMENT_TARGET	METHOD	PY_TYPE_325d8fd0ba3a48883f5b1bd661d4bef1	PY_METHOD_1d96ee91a2da9f3d4ed85847fa8e0e95		0	0		name	NONE	NONE		FIELD	PY_FIELD_b0e5b34b1a094e7acf6906355e160de2			false		6	8	6	17	PY_SCOPE_a5563037b650c206f59fdac34d53e9a9	PY_MODULE_d28fbce0a513abfa51b88ad6db6d82df		STORE	true		false	false	self.name		UNKNOWN	NONE	NONE	SERVICE_VERSION_00000000000000000000000000000000	PY_EXPRESSION_09632e215305862f7a2314c2e89fcabc
SELF_REFERENCE	ATTRIBUTE_OBJECT	ASSIGNMENT_TARGET	METHOD	PY_TYPE_325d8fd0ba3a48883f5b1bd661d4bef1	PY_METHOD_1d96ee91a2da9f3d4ed85847fa8e0e95	PY_EXPRESSION_09632e215305862f7a2314c2e89fcabc	0	1		self	NONE	NONE		SELF				false		6	8	6	12	PY_SCOPE_a5563037b650c206f59fdac34d53e9a9	PY_MODULE_d28fbce0a513abfa51b88ad6db6d82df	PY_BINDING_5e9cff90916a8977a19300132d4f8832	LOAD	false		false	false			UNKNOWN	NONE	NONE	SERVICE_VERSION_00000000000000000000000000000000	PY_EXPRESSION_a3a7e6ed06521bea474f219abd6574ed
LIST	ASSIGNMENT_VALUE	ASSIGNMENT_VALUE	METHOD	PY_TYPE_325d8fd0ba3a48883f5b1bd661d4bef1	PY_METHOD_1d96ee91a2da9f3d4ed85847fa8e0e95		0	0			NONE	NONE		UNKNOWN				false		7	24	7	26	PY_SCOPE_a5563037b650c206f59fdac34d53e9a9	PY_MODULE_d28fbce0a513abfa51b88ad6db6d82df		LOAD	false		false	false		list	BUILTIN_COLLECTION	COLLECTION_LITERAL	CERTAIN	SERVICE_VERSION_00000000000000000000000000000000	PY_EXPRESSION_d8affccbfa8c6fccc5e6862bfaa08abf
ATTRIBUTE_ACCESS	ASSIGNMENT_TARGET	ASSIGNMENT_TARGET	METHOD	PY_TYPE_325d8fd0ba3a48883f5b1bd661d4bef1	PY_METHOD_1d96ee91a2da9f3d4ed85847fa8e0e95		0	0		children	NONE	NONE		FIELD	PY_FIELD_92a577eda9d4ad685256c9883bb33092			false		7	8	7	21	PY_SCOPE_a5563037b650c206f59fdac34d53e9a9	PY_MODULE_d28fbce0a513abfa51b88ad6db6d82df		STORE	true		false	false	self.children		UNKNOWN	NONE	NONE	SERVICE_VERSION_00000000000000000000000000000000	PY_EXPRESSION_4b28d1085f7922cffe942b21320a6041
SELF_REFERENCE	ATTRIBUTE_OBJECT	ASSIGNMENT_TARGET	METHOD	PY_TYPE_325d8fd0ba3a48883f5b1bd661d4bef1	PY_METHOD_1d96ee91a2da9f3d4ed85847fa8e0e95	PY_EXPRESSION_4b28d1085f7922cffe942b21320a6041	0	1		self	NONE	NONE		SELF				false		7	8	7	12	PY_SCOPE_a5563037b650c206f59fdac34d53e9a9	PY_MODULE_d28fbce0a513abfa51b88ad6db6d82df	PY_BINDING_5e9cff90916a8977a19300132d4f8832	LOAD	false		false	false			UNKNOWN	NONE	NONE	SERVICE_VERSION_00000000000000000000000000000000	PY_EXPRESSION_bc508869016952cb902677c93371c23a
ATTRIBUTE_ACCESS	RETURN_VALUE	RETURN_VALUE	METHOD	PY_TYPE_325d8fd0ba3a48883f5b1bd661d4bef1	PY_METHOD_ce30c205d081a607b8a765e37d66ba71		0	0		name	NONE	NONE		FIELD	PY_FIELD_b0e5b34b1a094e7acf6906355e160de2			false	0	10	15	10	24	PY_SCOPE_be4552bc039e00d676c093564b9e05dd	PY_MODULE_d28fbce0a513abfa51b88ad6db6d82df		LOAD	false		false	false	self.name		UNKNOWN	NONE	NONE	SERVICE_VERSION_00000000000000000000000000000000	PY_EXPRESSION_b36d6226388404992e4e6d21976f9546
SELF_REFERENCE	ATTRIBUTE_OBJECT	RETURN_VALUE	METHOD	PY_TYPE_325d8fd0ba3a48883f5b1bd661d4bef1	PY_METHOD_ce30c205d081a607b8a765e37d66ba71	PY_EXPRESSION_b36d6226388404992e4e6d21976f9546	0	1		self	NONE	NONE		SELF				false	0	10	15	10	19	PY_SCOPE_be4552bc039e00d676c093564b9e05dd	PY_MODULE_d28fbce0a513abfa51b88ad6db6d82df	PY_BINDING_6683939c008e7e9aa4a0b1ebeec4cc79	LOAD	false		false	false			UNKNOWN	NONE	NONE	SERVICE_VERSION_00000000000000000000000000000000	PY_EXPRESSION_56c236b40e305622205bd680d15894c1
CALL	ROOT	EXPRESSION_STATEMENT	METHOD	PY_TYPE_325d8fd0ba3a48883f5b1bd661d4bef1	PY_METHOD_884b206c00df93e05093f97d602c9a91		0	0		append	NONE	NONE		UNKNOWN				false		13	8	13	35	PY_SCOPE_b321497c2a5f55c35c4bbf6d5321a12e	PY_MODULE_d28fbce0a513abfa51b88ad6db6d82df		LOAD	false		false	false	self.children.append		UNKNOWN	NONE	NONE	SERVICE_VERSION_00000000000000000000000000000000	PY_EXPRESSION_df023f2623ebb1929df8b9852c49a25c
ATTRIBUTE_ACCESS	RECEIVER	EXPRESSION_STATEMENT	METHOD	PY_TYPE_325d8fd0ba3a48883f5b1bd661d4bef1	PY_METHOD_884b206c00df93e05093f97d602c9a91	PY_EXPRESSION_df023f2623ebb1929df8b9852c49a25c	0	1		append	NONE	NONE		UNKNOWN				false		13	8	13	28	PY_SCOPE_b321497c2a5f55c35c4bbf6d5321a12e	PY_MODULE_d28fbce0a513abfa51b88ad6db6d82df		LOAD	false		false	false	self.children.append		UNKNOWN	NONE	NONE	SERVICE_VERSION_00000000000000000000000000000000	PY_EXPRESSION_bf303986f12e04e5f18dabebb23cc84b
NAME_REFERENCE	ARGUMENT	EXPRESSION_STATEMENT	METHOD	PY_TYPE_325d8fd0ba3a48883f5b1bd661d4bef1	PY_METHOD_884b206c00df93e05093f97d602c9a91	PY_EXPRESSION_df023f2623ebb1929df8b9852c49a25c	0	1		child	NONE	NONE		UNKNOWN				false		13	29	13	34	PY_SCOPE_b321497c2a5f55c35c4bbf6d5321a12e	PY_MODULE_d28fbce0a513abfa51b88ad6db6d82df	PY_BINDING_07568d7bf0cdb6cfb8a6c6439d5b0042	LOAD	false		false	false			UNKNOWN	NONE	NONE	SERVICE_VERSION_00000000000000000000000000000000	PY_EXPRESSION_b094f139e1d2ba746477892288b32d60
ATTRIBUTE_ACCESS	ATTRIBUTE_OBJECT	EXPRESSION_STATEMENT	METHOD	PY_TYPE_325d8fd0ba3a48883f5b1bd661d4bef1	PY_METHOD_884b206c00df93e05093f97d602c9a91	PY_EXPRESSION_bf303986f12e04e5f18dabebb23cc84b	0	2		children	NONE	NONE		FIELD	PY_FIELD_92a577eda9d4ad685256c9883bb33092			false		13	8	13	21	PY_SCOPE_b321497c2a5f55c35c4bbf6d5321a12e	PY_MODULE_d28fbce0a513abfa51b88ad6db6d82df		LOAD	false		false	false	self.children		UNKNOWN	NONE	NONE	SERVICE_VERSION_00000000000000000000000000000000	PY_EXPRESSION_e497a47dd46845126b96446680d1339c
SELF_REFERENCE	ATTRIBUTE_OBJECT	EXPRESSION_STATEMENT	METHOD	PY_TYPE_325d8fd0ba3a48883f5b1bd661d4bef1	PY_METHOD_884b206c00df93e05093f97d602c9a91	PY_EXPRESSION_e497a47dd46845126b96446680d1339c	0	3		self	NONE	NONE		SELF				false		13	8	13	12	PY_SCOPE_b321497c2a5f55c35c4bbf6d5321a12e	PY_MODULE_d28fbce0a513abfa51b88ad6db6d82df	PY_BINDING_407bc2cea1dfcce43f5d6968bcec131b	LOAD	false		false	false			UNKNOWN	NONE	NONE	SERVICE_VERSION_00000000000000000000000000000000	PY_EXPRESSION_f971097d5515c6f55274f1012db4ea80
SELF_REFERENCE	RETURN_VALUE	RETURN_VALUE	METHOD	PY_TYPE_325d8fd0ba3a48883f5b1bd661d4bef1	PY_METHOD_884b206c00df93e05093f97d602c9a91		0	0		self	NONE	NONE		SELF				false	0	14	15	14	19	PY_SCOPE_b321497c2a5f55c35c4bbf6d5321a12e	PY_MODULE_d28fbce0a513abfa51b88ad6db6d82df	PY_BINDING_407bc2cea1dfcce43f5d6968bcec131b	LOAD	false		false	false			UNKNOWN	NONE	NONE	SERVICE_VERSION_00000000000000000000000000000000	PY_EXPRESSION_d08712afd38fab13f2eb4c8606268033
CALL	RETURN_VALUE	RETURN_VALUE	METHOD	PY_TYPE_325d8fd0ba3a48883f5b1bd661d4bef1	PY_METHOD_a5d67d36658ce980f455c0e1aa2174d5		0	0		len	NONE	NONE		UNKNOWN				false	0	17	15	17	33	PY_SCOPE_1dcd4a86edeee12836f333d25b882507	PY_MODULE_d28fbce0a513abfa51b88ad6db6d82df		LOAD	false		false	false	len		UNKNOWN	NONE	NONE	SERVICE_VERSION_00000000000000000000000000000000	PY_EXPRESSION_38c8f99c78f7170fa3ae6201b002d428
NAME_REFERENCE	CALLEE	RETURN_VALUE	METHOD	PY_TYPE_325d8fd0ba3a48883f5b1bd661d4bef1	PY_METHOD_a5d67d36658ce980f455c0e1aa2174d5	PY_EXPRESSION_38c8f99c78f7170fa3ae6201b002d428	0	1		len	NONE	NONE		UNKNOWN				false	0	17	15	17	18	PY_SCOPE_1dcd4a86edeee12836f333d25b882507	PY_MODULE_d28fbce0a513abfa51b88ad6db6d82df	PY_BINDING_cba57c895cb1516e23900d400d9d9d54	LOAD	false		false	false			UNKNOWN	NONE	NONE	SERVICE_VERSION_00000000000000000000000000000000	PY_EXPRESSION_452ae627a70d5d3a39c54d989648138a
ATTRIBUTE_ACCESS	ARGUMENT	RETURN_VALUE	METHOD	PY_TYPE_325d8fd0ba3a48883f5b1bd661d4bef1	PY_METHOD_a5d67d36658ce980f455c0e1aa2174d5	PY_EXPRESSION_38c8f99c78f7170fa3ae6201b002d428	0	1		children	NONE	NONE		FIELD	PY_FIELD_92a577eda9d4ad685256c9883bb33092			false	0	17	19	17	32	PY_SCOPE_1dcd4a86edeee12836f333d25b882507	PY_MODULE_d28fbce0a513abfa51b88ad6db6d82df		LOAD	false		false	false	self.children		UNKNOWN	NONE	NONE	SERVICE_VERSION_00000000000000000000000000000000	PY_EXPRESSION_52ce9943118347a6dbdc229515ae9157
SELF_REFERENCE	ATTRIBUTE_OBJECT	RETURN_VALUE	METHOD	PY_TYPE_325d8fd0ba3a48883f5b1bd661d4bef1	PY_METHOD_a5d67d36658ce980f455c0e1aa2174d5	PY_EXPRESSION_52ce9943118347a6dbdc229515ae9157	0	2		self	NONE	NONE		SELF				false	0	17	19	17	23	PY_SCOPE_1dcd4a86edeee12836f333d25b882507	PY_MODULE_d28fbce0a513abfa51b88ad6db6d82df	PY_BINDING_e61405108e109c4c7965bf874fb93201	LOAD	false		false	false			UNKNOWN	NONE	NONE	SERVICE_VERSION_00000000000000000000000000000000	PY_EXPRESSION_08f2441de1ba60c8b9ee39fc254a4902
NAME_REFERENCE	BASE_CLASS	BASE_CLASS_LIST	METHOD		PY_METHOD_22330a12005374ea1b1705c24d3d9eab		0	0		Node	NONE	NONE		TYPE	PY_TYPE_325d8fd0ba3a48883f5b1bd661d4bef1			false		20	11	20	15	PY_SCOPE_3c613edd29e908501e094287155dad00	PY_MODULE_d28fbce0a513abfa51b88ad6db6d82df	PY_BINDING_22c7cd06c8b01b79f46619638ac74819	LOAD	false		false	false			UNKNOWN	NONE	NONE	SERVICE_VERSION_00000000000000000000000000000000	PY_EXPRESSION_9d9a06e9f4174b35a0d537f7260cc195
CALL	RETURN_VALUE	RETURN_VALUE	METHOD	PY_TYPE_f4b23e19ff1f7ecbd26ba8e655d8cd87	PY_METHOD_bcb7bfeecc00029ab553d1d400750db1		0	0		label	NONE	NONE		UNKNOWN				false	0	23	15	23	30	PY_SCOPE_e8aef099a3e04f4d2accb59b99b37a86	PY_MODULE_d28fbce0a513abfa51b88ad6db6d82df		LOAD	false		false	false	label		UNKNOWN	NONE	NONE	SERVICE_VERSION_00000000000000000000000000000000	PY_EXPRESSION_776944b894a65a5ca248dc7ae479fcf9
ATTRIBUTE_ACCESS	RECEIVER	RETURN_VALUE	METHOD	PY_TYPE_f4b23e19ff1f7ecbd26ba8e655d8cd87	PY_METHOD_bcb7bfeecc00029ab553d1d400750db1	PY_EXPRESSION_776944b894a65a5ca248dc7ae479fcf9	0	1		label	NONE	NONE		UNKNOWN				false	0	23	15	23	28	PY_SCOPE_e8aef099a3e04f4d2accb59b99b37a86	PY_MODULE_d28fbce0a513abfa51b88ad6db6d82df		LOAD	false		false	false	label		UNKNOWN	NONE	NONE	SERVICE_VERSION_00000000000000000000000000000000	PY_EXPRESSION_aa588eb78b64c2efcfb7269236fe8c8e
CALL	ATTRIBUTE_OBJECT	RETURN_VALUE	METHOD	PY_TYPE_f4b23e19ff1f7ecbd26ba8e655d8cd87	PY_METHOD_bcb7bfeecc00029ab553d1d400750db1	PY_EXPRESSION_aa588eb78b64c2efcfb7269236fe8c8e	0	2		super	NONE	NONE		UNKNOWN				false	0	23	15	23	22	PY_SCOPE_e8aef099a3e04f4d2accb59b99b37a86	PY_MODULE_d28fbce0a513abfa51b88ad6db6d82df		LOAD	false		false	false	super		UNKNOWN	NONE	NONE	SERVICE_VERSION_00000000000000000000000000000000	PY_EXPRESSION_2494acda6a3344da6cc9eadb2383f4b0
NAME_REFERENCE	CALLEE	RETURN_VALUE	METHOD	PY_TYPE_f4b23e19ff1f7ecbd26ba8e655d8cd87	PY_METHOD_bcb7bfeecc00029ab553d1d400750db1	PY_EXPRESSION_2494acda6a3344da6cc9eadb2383f4b0	0	3		super	NONE	NONE		SUPER				false	0	23	15	23	20	PY_SCOPE_e8aef099a3e04f4d2accb59b99b37a86	PY_MODULE_d28fbce0a513abfa51b88ad6db6d82df	PY_BINDING_500b618cf213ee1ccca4e40dd86a199d	LOAD	false		false	false			UNKNOWN	NONE	NONE	SERVICE_VERSION_00000000000000000000000000000000	PY_EXPRESSION_930838ef6134e1f75250435bc94e7f44
LIST	ASSIGNMENT_VALUE	ASSIGNMENT_VALUE	METHOD	PY_TYPE_7d051928cdce6f2d1d3846fed8c732d7	PY_METHOD_29d34dde40fdbda38d1b7a232f746c70		0	0			NONE	NONE		UNKNOWN				false		28	21	28	23	PY_SCOPE_7e913642935d739f9d5960a079855c85	PY_MODULE_d28fbce0a513abfa51b88ad6db6d82df		LOAD	false		false	false		list	BUILTIN_COLLECTION	COLLECTION_LITERAL	CERTAIN	SERVICE_VERSION_00000000000000000000000000000000	PY_EXPRESSION_833b0b3e74d80ae29c5cdcb224aaa1a2
ATTRIBUTE_ACCESS	ASSIGNMENT_TARGET	ASSIGNMENT_TARGET	METHOD	PY_TYPE_7d051928cdce6f2d1d3846fed8c732d7	PY_METHOD_29d34dde40fdbda38d1b7a232f746c70		0	0		nodes	NONE	NONE		FIELD	PY_FIELD_ba85a389f3261a471f173b2c4368ec27			false		28	8	28	18	PY_SCOPE_7e913642935d739f9d5960a079855c85	PY_MODULE_d28fbce0a513abfa51b88ad6db6d82df		STORE	true		false	false	self.nodes		UNKNOWN	NONE	NONE	SERVICE_VERSION_00000000000000000000000000000000	PY_EXPRESSION_643b22162a0b58c824ad3c1139592138
SELF_REFERENCE	ATTRIBUTE_OBJECT	ASSIGNMENT_TARGET	METHOD	PY_TYPE_7d051928cdce6f2d1d3846fed8c732d7	PY_METHOD_29d34dde40fdbda38d1b7a232f746c70	PY_EXPRESSION_643b22162a0b58c824ad3c1139592138	0	1		self	NONE	NONE		SELF				false		28	8	28	12	PY_SCOPE_7e913642935d739f9d5960a079855c85	PY_MODULE_d28fbce0a513abfa51b88ad6db6d82df	PY_BINDING_e97849d277b98bbe58840c4e9793825f	LOAD	false		false	false			UNKNOWN	NONE	NONE	SERVICE_VERSION_00000000000000000000000000000000	PY_EXPRESSION_01888c28e7cbed3f4eb071e865f78cf4
CALL	ROOT	EXPRESSION_STATEMENT	METHOD	PY_TYPE_7d051928cdce6f2d1d3846fed8c732d7	PY_METHOD_fb122cdd681d1886b28ba6a5367477ce		0	0		append	NONE	NONE		UNKNOWN				false		31	8	31	31	PY_SCOPE_bdc4ac8c7b82a4f46bb55f07816f51ed	PY_MODULE_d28fbce0a513abfa51b88ad6db6d82df		LOAD	false		false	false	self.nodes.append		UNKNOWN	NONE	NONE	SERVICE_VERSION_00000000000000000000000000000000	PY_EXPRESSION_1d8c2f2f46b176d7bfaa2ec14800ab83
ATTRIBUTE_ACCESS	RECEIVER	EXPRESSION_STATEMENT	METHOD	PY_TYPE_7d051928cdce6f2d1d3846fed8c732d7	PY_METHOD_fb122cdd681d1886b28ba6a5367477ce	PY_EXPRESSION_1d8c2f2f46b176d7bfaa2ec14800ab83	0	1		append	NONE	NONE		UNKNOWN				false		31	8	31	25	PY_SCOPE_bdc4ac8c7b82a4f46bb55f07816f51ed	PY_MODULE_d28fbce0a513abfa51b88ad6db6d82df		LOAD	false		false	false	self.nodes.append		UNKNOWN	NONE	NONE	SERVICE_VERSION_00000000000000000000000000000000	PY_EXPRESSION_745448878e6d4a469aca88336d1134e8
NAME_REFERENCE	ARGUMENT	EXPRESSION_STATEMENT	METHOD	PY_TYPE_7d051928cdce6f2d1d3846fed8c732d7	PY_METHOD_fb122cdd681d1886b28ba6a5367477ce	PY_EXPRESSION_1d8c2f2f46b176d7bfaa2ec14800ab83	0	1		node	NONE	NONE		UNKNOWN				false		31	26	31	30	PY_SCOPE_bdc4ac8c7b82a4f46bb55f07816f51ed	PY_MODULE_d28fbce0a513abfa51b88ad6db6d82df	PY_BINDING_1b75a73458745c6bc53a04224523ce8e	LOAD	false		false	false			UNKNOWN	NONE	NONE	SERVICE_VERSION_00000000000000000000000000000000	PY_EXPRESSION_37d2ac8be2cb1a96dc71efd08a9eef32
ATTRIBUTE_ACCESS	ATTRIBUTE_OBJECT	EXPRESSION_STATEMENT	METHOD	PY_TYPE_7d051928cdce6f2d1d3846fed8c732d7	PY_METHOD_fb122cdd681d1886b28ba6a5367477ce	PY_EXPRESSION_745448878e6d4a469aca88336d1134e8	0	2		nodes	NONE	NONE		FIELD	PY_FIELD_ba85a389f3261a471f173b2c4368ec27			false		31	8	31	18	PY_SCOPE_bdc4ac8c7b82a4f46bb55f07816f51ed	PY_MODULE_d28fbce0a513abfa51b88ad6db6d82df		LOAD	false		false	false	self.nodes		UNKNOWN	NONE	NONE	SERVICE_VERSION_00000000000000000000000000000000	PY_EXPRESSION_0afdf3ea40328564e1000d767de8f065
SELF_REFERENCE	ATTRIBUTE_OBJECT	EXPRESSION_STATEMENT	METHOD	PY_TYPE_7d051928cdce6f2d1d3846fed8c732d7	PY_METHOD_fb122cdd681d1886b28ba6a5367477ce	PY_EXPRESSION_0afdf3ea40328564e1000d767de8f065	0	3		self	NONE	NONE		SELF				false		31	8	31	12	PY_SCOPE_bdc4ac8c7b82a4f46bb55f07816f51ed	PY_MODULE_d28fbce0a513abfa51b88ad6db6d82df	PY_BINDING_0d8f067b407a3d34344e6f9ac55b1d14	LOAD	false		false	false			UNKNOWN	NONE	NONE	SERVICE_VERSION_00000000000000000000000000000000	PY_EXPRESSION_e9c6beb2f9369ece9ee5448b0d0038ae
SELF_REFERENCE	RETURN_VALUE	RETURN_VALUE	METHOD	PY_TYPE_7d051928cdce6f2d1d3846fed8c732d7	PY_METHOD_fb122cdd681d1886b28ba6a5367477ce		0	0		self	NONE	NONE		SELF				false	0	32	15	32	19	PY_SCOPE_bdc4ac8c7b82a4f46bb55f07816f51ed	PY_MODULE_d28fbce0a513abfa51b88ad6db6d82df	PY_BINDING_0d8f067b407a3d34344e6f9ac55b1d14	LOAD	false		false	false			UNKNOWN	NONE	NONE	SERVICE_VERSION_00000000000000000000000000000000	PY_EXPRESSION_baf04953d70e9dff4c9cf7f680e2ca5c
SUBSCRIPT	RETURN_VALUE	RETURN_VALUE	METHOD	PY_TYPE_7d051928cdce6f2d1d3846fed8c732d7	PY_METHOD_7c5ffd94d87c21c27acde611d6418fe4		0	0			NONE	NONE		UNKNOWN				false	0	35	15	35	28	PY_SCOPE_4d05adea79b3e9d4c2a24fac1cd24639	PY_MODULE_d28fbce0a513abfa51b88ad6db6d82df		LOAD	false		false	false			UNKNOWN	NONE	NONE	SERVICE_VERSION_00000000000000000000000000000000	PY_EXPRESSION_e079227d06518a21f14870768ff70690
ATTRIBUTE_ACCESS	SUBSCRIPT_OBJECT	RETURN_VALUE	METHOD	PY_TYPE_7d051928cdce6f2d1d3846fed8c732d7	PY_METHOD_7c5ffd94d87c21c27acde611d6418fe4	PY_EXPRESSION_e079227d06518a21f14870768ff70690	0	1		nodes	NONE	NONE		FIELD	PY_FIELD_ba85a389f3261a471f173b2c4368ec27			false	0	35	15	35	25	PY_SCOPE_4d05adea79b3e9d4c2a24fac1cd24639	PY_MODULE_d28fbce0a513abfa51b88ad6db6d82df		LOAD	false		false	false	self.nodes		UNKNOWN	NONE	NONE	SERVICE_VERSION_00000000000000000000000000000000	PY_EXPRESSION_f64fa77133af2739093ec8c3e7005c57
LITERAL	SUBSCRIPT_INDEX	RETURN_VALUE	METHOD	PY_TYPE_7d051928cdce6f2d1d3846fed8c732d7	PY_METHOD_7c5ffd94d87c21c27acde611d6418fe4	PY_EXPRESSION_e079227d06518a21f14870768ff70690	1	1	INTEGER	0	NONE	NONE		UNKNOWN				false	0	35	26	35	27	PY_SCOPE_4d05adea79b3e9d4c2a24fac1cd24639	PY_MODULE_d28fbce0a513abfa51b88ad6db6d82df		LOAD	false		false	false		int	BUILTIN_SCALAR	LITERAL	CERTAIN	SERVICE_VERSION_00000000000000000000000000000000	PY_EXPRESSION_942dd8fa2e79191b3249709e5dbc4bf1
SELF_REFERENCE	ATTRIBUTE_OBJECT	RETURN_VALUE	METHOD	PY_TYPE_7d051928cdce6f2d1d3846fed8c732d7	PY_METHOD_7c5ffd94d87c21c27acde611d6418fe4	PY_EXPRESSION_f64fa77133af2739093ec8c3e7005c57	0	2		self	NONE	NONE		SELF				false	0	35	15	35	19	PY_SCOPE_4d05adea79b3e9d4c2a24fac1cd24639	PY_MODULE_d28fbce0a513abfa51b88ad6db6d82df	PY_BINDING_8e4fb85fd3d579b6e72f4b816ca9ac7c	LOAD	false		false	false			UNKNOWN	NONE	NONE	SERVICE_VERSION_00000000000000000000000000000000	PY_EXPRESSION_b8650c2c2fa8397eba9d1d25de8cc9f4
LITERAL	ROOT	EXPRESSION_STATEMENT	METHOD		PY_METHOD_7d2d6b1fcbe9f06e17ea6be3ea44f4cd		0	0	STRING	Return type is stated nowhere — return-flow must infer Node.	NONE	NONE		UNKNOWN				false		39	4	39	72	PY_SCOPE_dbb631c5ec7046decc74f319dd5878c6	PY_MODULE_d28fbce0a513abfa51b88ad6db6d82df		LOAD	false		false	false		str	BUILTIN_SCALAR	LITERAL	CERTAIN	SERVICE_VERSION_00000000000000000000000000000000	PY_EXPRESSION_7402a6be4c522d105a57a1dac82368b8
CALL	RETURN_VALUE	RETURN_VALUE	METHOD		PY_METHOD_7d2d6b1fcbe9f06e17ea6be3ea44f4cd		0	0		Node	NONE	NONE		UNKNOWN				false	0	40	11	40	21	PY_SCOPE_dbb631c5ec7046decc74f319dd5878c6	PY_MODULE_d28fbce0a513abfa51b88ad6db6d82df		LOAD	false		false	false	Node		UNKNOWN	NONE	NONE	SERVICE_VERSION_00000000000000000000000000000000	PY_EXPRESSION_101982c6564171513f6044b59c0d0b68
NAME_REFERENCE	CALLEE	RETURN_VALUE	METHOD		PY_METHOD_7d2d6b1fcbe9f06e17ea6be3ea44f4cd	PY_EXPRESSION_101982c6564171513f6044b59c0d0b68	0	1		Node	NONE	NONE		TYPE	PY_TYPE_325d8fd0ba3a48883f5b1bd661d4bef1			false	0	40	11	40	15	PY_SCOPE_dbb631c5ec7046decc74f319dd5878c6	PY_MODULE_d28fbce0a513abfa51b88ad6db6d82df	PY_BINDING_707c1ca53e9dbe968de203c723c20cc2	LOAD	false		false	false			UNKNOWN	NONE	NONE	SERVICE_VERSION_00000000000000000000000000000000	PY_EXPRESSION_fe18a24768d790863c31642b4a4ec55f
NAME_REFERENCE	ARGUMENT	RETURN_VALUE	METHOD		PY_METHOD_7d2d6b1fcbe9f06e17ea6be3ea44f4cd	PY_EXPRESSION_101982c6564171513f6044b59c0d0b68	0	1		name	NONE	NONE		UNKNOWN				false	0	40	16	40	20	PY_SCOPE_dbb631c5ec7046decc74f319dd5878c6	PY_MODULE_d28fbce0a513abfa51b88ad6db6d82df	PY_BINDING_3499315ac3e69d5c0e7a72539de851c6	LOAD	false		false	false			UNKNOWN	NONE	NONE	SERVICE_VERSION_00000000000000000000000000000000	PY_EXPRESSION_b3c0d926579e5203ee834e49abdf3a1e
CALL	RETURN_VALUE	RETURN_VALUE	METHOD		PY_METHOD_de5e770015d0865e8824f96caa557604		0	0		Registry	NONE	NONE		UNKNOWN				false	0	44	11	44	21	PY_SCOPE_976056fc81d098e7510456c8707358f0	PY_MODULE_d28fbce0a513abfa51b88ad6db6d82df		LOAD	false		false	false	Registry		UNKNOWN	NONE	NONE	SERVICE_VERSION_00000000000000000000000000000000	PY_EXPRESSION_c7826ced18328d4cee45bbb1ad98d879
NAME_REFERENCE	CALLEE	RETURN_VALUE	METHOD		PY_METHOD_de5e770015d0865e8824f96caa557604	PY_EXPRESSION_c7826ced18328d4cee45bbb1ad98d879	0	1		Registry	NONE	NONE		TYPE	PY_TYPE_7d051928cdce6f2d1d3846fed8c732d7			false	0	44	11	44	19	PY_SCOPE_976056fc81d098e7510456c8707358f0	PY_MODULE_d28fbce0a513abfa51b88ad6db6d82df	PY_BINDING_3b45962c0f796ec154143d907bc90fe1	LOAD	false		false	false			UNKNOWN	NONE	NONE	SERVICE_VERSION_00000000000000000000000000000000	PY_EXPRESSION_53a222fb7a5c4a3cead3df4631dfc315
LITERAL	ROOT	MODULE_LEVEL_STATEMENT	METHOD		PY_METHOD_ab5cc7a30b6043be518aff1866d5e976		0	0	STRING	CLS-constructor and classmethod mechanisms.	NONE	NONE		UNKNOWN				false		1	0	1	49	PY_SCOPE_1a66b4df14c55812e96bca2cde6ce7be	PY_MODULE_6f13b60b719c68df32c58e7656b90f51		LOAD	false		false	false		str	BUILTIN_SCALAR	LITERAL	CERTAIN	SERVICE_VERSION_00000000000000000000000000000000	PY_EXPRESSION_f730c5ef9a4ac9269201dc8b594227f6
LITERAL	ASSIGNMENT_VALUE	ASSIGNMENT_VALUE	METHOD	PY_TYPE_d5e01e41b5870f04c772d5d26d0912a3	PY_METHOD_4761617a13024d7e5d2f4cddd8c63564		0	0	STRING	builder	NONE	NONE		UNKNOWN				false		6	11	6	20	PY_SCOPE_872cde7e4bd17ab3b8bc1e061ffb847c	PY_MODULE_6f13b60b719c68df32c58e7656b90f51		LOAD	false		false	false		str	BUILTIN_SCALAR	LITERAL	CERTAIN	SERVICE_VERSION_00000000000000000000000000000000	PY_EXPRESSION_93cb32162c14f3888f91142a6b49a0bf
NAME_REFERENCE	ASSIGNMENT_TARGET	ASSIGNMENT_TARGET	METHOD	PY_TYPE_d5e01e41b5870f04c772d5d26d0912a3	PY_METHOD_4761617a13024d7e5d2f4cddd8c63564		0	0		KIND	NONE	NONE		UNKNOWN				false		6	4	6	8	PY_SCOPE_872cde7e4bd17ab3b8bc1e061ffb847c	PY_MODULE_6f13b60b719c68df32c58e7656b90f51	PY_BINDING_bf39417281e333ef17a45d9b5bff73e0	STORE	true		false	false			UNKNOWN	NONE	NONE	SERVICE_VERSION_00000000000000000000000000000000	PY_EXPRESSION_cb00a09feea899bdc70933b39c6b0095
NAME_REFERENCE	DECORATOR_EXPR	DECORATOR	METHOD	PY_TYPE_d5e01e41b5870f04c772d5d26d0912a3	PY_METHOD_4761617a13024d7e5d2f4cddd8c63564		0	0		classmethod	NONE	NONE		UNKNOWN				false		8	5	8	16	PY_SCOPE_872cde7e4bd17ab3b8bc1e061ffb847c	PY_MODULE_6f13b60b719c68df32c58e7656b90f51	PY_BINDING_a40aac8f6f9812116a493001d103828c	LOAD	false		false	false			UNKNOWN	NONE	NONE	SERVICE_VERSION_00000000000000000000000000000000	PY_EXPRESSION_f638a614305f3ee7d65d33e3e371a06a
CALL	RETURN_VALUE	RETURN_VALUE	METHOD	PY_TYPE_d5e01e41b5870f04c772d5d26d0912a3	PY_METHOD_008a95de6c3dc8d4be3d2f07363743dc		0	0		cls	NONE	NONE		UNKNOWN				false	0	11	15	11	24	PY_SCOPE_e95f427b0f6858c36213854312ff6528	PY_MODULE_6f13b60b719c68df32c58e7656b90f51		LOAD	false		false	false	cls		UNKNOWN	NONE	NONE	SERVICE_VERSION_00000000000000000000000000000000	PY_EXPRESSION_b987152ea4218d3cd8af8567749c1cc8
CLS_REFERENCE	CALLEE	RETURN_VALUE	METHOD	PY_TYPE_d5e01e41b5870f04c772d5d26d0912a3	PY_METHOD_008a95de6c3dc8d4be3d2f07363743dc	PY_EXPRESSION_b987152ea4218d3cd8af8567749c1cc8	0	1		cls	NONE	NONE		CLS				false	0	11	15	11	18	PY_SCOPE_e95f427b0f6858c36213854312ff6528	PY_MODULE_6f13b60b719c68df32c58e7656b90f51	PY_BINDING_c50c8e04b07bd2efb920e00a9e91806c	LOAD	false		false	false			UNKNOWN	NONE	NONE	SERVICE_VERSION_00000000000000000000000000000000	PY_EXPRESSION_ac4458c5e118cbfad6f92b29aeb224c9
NAME_REFERENCE	ARGUMENT	RETURN_VALUE	METHOD	PY_TYPE_d5e01e41b5870f04c772d5d26d0912a3	PY_METHOD_008a95de6c3dc8d4be3d2f07363743dc	PY_EXPRESSION_b987152ea4218d3cd8af8567749c1cc8	0	1		name	NONE	NONE		UNKNOWN				false	0	11	19	11	23	PY_SCOPE_e95f427b0f6858c36213854312ff6528	PY_MODULE_6f13b60b719c68df32c58e7656b90f51	PY_BINDING_228278a33eeb24c672cb44786d2f38ed	LOAD	false		false	false			UNKNOWN	NONE	NONE	SERVICE_VERSION_00000000000000000000000000000000	PY_EXPRESSION_0a8fa8e3bbf4085f26b6842d6d1489c0
NAME_REFERENCE	DECORATOR_EXPR	DECORATOR	METHOD	PY_TYPE_d5e01e41b5870f04c772d5d26d0912a3	PY_METHOD_4761617a13024d7e5d2f4cddd8c63564		0	0		classmethod	NONE	NONE		UNKNOWN				false		13	5	13	16	PY_SCOPE_872cde7e4bd17ab3b8bc1e061ffb847c	PY_MODULE_6f13b60b719c68df32c58e7656b90f51	PY_BINDING_a40aac8f6f9812116a493001d103828c	LOAD	false		false	false			UNKNOWN	NONE	NONE	SERVICE_VERSION_00000000000000000000000000000000	PY_EXPRESSION_837e2382484464d9b7d0bff83cd34280
CALL	RETURN_VALUE	RETURN_VALUE	METHOD	PY_TYPE_d5e01e41b5870f04c772d5d26d0912a3	PY_METHOD_735371219289ab8d6688fce54c3902f5		0	0		of	NONE	NONE		UNKNOWN				false	0	15	15	15	32	PY_SCOPE_02db559850d7bfcf6bda8c2a9d135e95	PY_MODULE_6f13b60b719c68df32c58e7656b90f51		LOAD	false		false	false	cls.of		UNKNOWN	NONE	NONE	SERVICE_VERSION_00000000000000000000000000000000	PY_EXPRESSION_c5c7268720cb06d5e1ba84c438748e63
ATTRIBUTE_ACCESS	RECEIVER	RETURN_VALUE	METHOD	PY_TYPE_d5e01e41b5870f04c772d5d26d0912a3	PY_METHOD_735371219289ab8d6688fce54c3902f5	PY_EXPRESSION_c5c7268720cb06d5e1ba84c438748e63	0	1		of	NONE	NONE		UNKNOWN				false	0	15	15	15	21	PY_SCOPE_02db559850d7bfcf6bda8c2a9d135e95	PY_MODULE_6f13b60b719c68df32c58e7656b90f51		LOAD	false		false	false	cls.of		UNKNOWN	NONE	NONE	SERVICE_VERSION_00000000000000000000000000000000	PY_EXPRESSION_d5c8a7e3d29f504218ac4fd78616bf3d
LITERAL	ARGUMENT	RETURN_VALUE	METHOD	PY_TYPE_d5e01e41b5870f04c772d5d26d0912a3	PY_METHOD_735371219289ab8d6688fce54c3902f5	PY_EXPRESSION_c5c7268720cb06d5e1ba84c438748e63	0	1	STRING	default	NONE	NONE		UNKNOWN				false	0	15	22	15	31	PY_SCOPE_02db559850d7bfcf6bda8c2a9d135e95	PY_MODULE_6f13b60b719c68df32c58e7656b90f51		LOAD	false		false	false		str	BUILTIN_SCALAR	LITERAL	CERTAIN	SERVICE_VERSION_00000000000000000000000000000000	PY_EXPRESSION_7c9e71177e1ca1cf1962211391e5cdac
CLS_REFERENCE	ATTRIBUTE_OBJECT	RETURN_VALUE	METHOD	PY_TYPE_d5e01e41b5870f04c772d5d26d0912a3	PY_METHOD_735371219289ab8d6688fce54c3902f5	PY_EXPRESSION_d5c8a7e3d29f504218ac4fd78616bf3d	0	2		cls	NONE	NONE		CLS				false	0	15	15	15	18	PY_SCOPE_02db559850d7bfcf6bda8c2a9d135e95	PY_MODULE_6f13b60b719c68df32c58e7656b90f51	PY_BINDING_65db2fc50897b948dac98400070d7451	LOAD	false		false	false			UNKNOWN	NONE	NONE	SERVICE_VERSION_00000000000000000000000000000000	PY_EXPRESSION_8027b9586e3778808ac92669cb2d003f
NAME_REFERENCE	ASSIGNMENT_VALUE	ASSIGNMENT_VALUE	METHOD	PY_TYPE_d5e01e41b5870f04c772d5d26d0912a3	PY_METHOD_ddf199e958543cb835d700a3097fe194		0	0		name	NONE	NONE		UNKNOWN				false		18	20	18	24	PY_SCOPE_970188142bdbee7518a61e5cddc287e2	PY_MODULE_6f13b60b719c68df32c58e7656b90f51	PY_BINDING_6e7b34598664a5737b66e260f98cb1b1	LOAD	false		false	false			UNKNOWN	NONE	NONE	SERVICE_VERSION_00000000000000000000000000000000	PY_EXPRESSION_d380c7a2e4bee3af9e59b98c324f4b23
ATTRIBUTE_ACCESS	ASSIGNMENT_TARGET	ASSIGNMENT_TARGET	METHOD	PY_TYPE_d5e01e41b5870f04c772d5d26d0912a3	PY_METHOD_ddf199e958543cb835d700a3097fe194		0	0		name	NONE	NONE		FIELD	PY_FIELD_f293fe4c8e9629363e5b327ac525be20			false		18	8	18	17	PY_SCOPE_970188142bdbee7518a61e5cddc287e2	PY_MODULE_6f13b60b719c68df32c58e7656b90f51		STORE	true		false	false	self.name		UNKNOWN	NONE	NONE	SERVICE_VERSION_00000000000000000000000000000000	PY_EXPRESSION_8d349d7624913b27c062849d92db34a4
SELF_REFERENCE	ATTRIBUTE_OBJECT	ASSIGNMENT_TARGET	METHOD	PY_TYPE_d5e01e41b5870f04c772d5d26d0912a3	PY_METHOD_ddf199e958543cb835d700a3097fe194	PY_EXPRESSION_8d349d7624913b27c062849d92db34a4	0	1		self	NONE	NONE		SELF				false		18	8	18	12	PY_SCOPE_970188142bdbee7518a61e5cddc287e2	PY_MODULE_6f13b60b719c68df32c58e7656b90f51	PY_BINDING_b5a43ef2f02c000390f11e8e08961e7e	LOAD	false		false	false			UNKNOWN	NONE	NONE	SERVICE_VERSION_00000000000000000000000000000000	PY_EXPRESSION_ec783440f5db1107d9d5ba8dcf4f5934
CALL	ASSIGNMENT_VALUE	ASSIGNMENT_VALUE	METHOD	PY_TYPE_d5e01e41b5870f04c772d5d26d0912a3	PY_METHOD_ddf199e958543cb835d700a3097fe194		0	0		Node	NONE	NONE		UNKNOWN				false		19	20	19	30	PY_SCOPE_970188142bdbee7518a61e5cddc287e2	PY_MODULE_6f13b60b719c68df32c58e7656b90f51		LOAD	false		false	false	Node		UNKNOWN	NONE	NONE	SERVICE_VERSION_00000000000000000000000000000000	PY_EXPRESSION_a94df45238155357a89a835444039a45
NAME_REFERENCE	CALLEE	ASSIGNMENT_VALUE	METHOD	PY_TYPE_d5e01e41b5870f04c772d5d26d0912a3	PY_METHOD_ddf199e958543cb835d700a3097fe194	PY_EXPRESSION_a94df45238155357a89a835444039a45	0	1		Node	NONE	NONE		TYPE	PY_TYPE_325d8fd0ba3a48883f5b1bd661d4bef1			false		19	20	19	24	PY_SCOPE_970188142bdbee7518a61e5cddc287e2	PY_MODULE_6f13b60b719c68df32c58e7656b90f51	PY_BINDING_a290608cca4993bea7d54c15a0dc4a4b	LOAD	false		false	false			UNKNOWN	NONE	NONE	SERVICE_VERSION_00000000000000000000000000000000	PY_EXPRESSION_e561d5c74d8fe9c1cf57b0ed4511f3b5
NAME_REFERENCE	ARGUMENT	ASSIGNMENT_VALUE	METHOD	PY_TYPE_d5e01e41b5870f04c772d5d26d0912a3	PY_METHOD_ddf199e958543cb835d700a3097fe194	PY_EXPRESSION_a94df45238155357a89a835444039a45	0	1		name	NONE	NONE		UNKNOWN				false		19	25	19	29	PY_SCOPE_970188142bdbee7518a61e5cddc287e2	PY_MODULE_6f13b60b719c68df32c58e7656b90f51	PY_BINDING_6e7b34598664a5737b66e260f98cb1b1	LOAD	false		false	false			UNKNOWN	NONE	NONE	SERVICE_VERSION_00000000000000000000000000000000	PY_EXPRESSION_b0f4145b8887047d496c460d1530135b
ATTRIBUTE_ACCESS	ASSIGNMENT_TARGET	ASSIGNMENT_TARGET	METHOD	PY_TYPE_d5e01e41b5870f04c772d5d26d0912a3	PY_METHOD_ddf199e958543cb835d700a3097fe194		0	0		node	NONE	NONE		FIELD	PY_FIELD_1500c04bb5bcc7ee18d8f9d1388adfa7			false		19	8	19	17	PY_SCOPE_970188142bdbee7518a61e5cddc287e2	PY_MODULE_6f13b60b719c68df32c58e7656b90f51		STORE	true		false	false	self.node		UNKNOWN	NONE	NONE	SERVICE_VERSION_00000000000000000000000000000000	PY_EXPRESSION_ceeb33e74faa247e401b3d6a728bd691
SELF_REFERENCE	ATTRIBUTE_OBJECT	ASSIGNMENT_TARGET	METHOD	PY_TYPE_d5e01e41b5870f04c772d5d26d0912a3	PY_METHOD_ddf199e958543cb835d700a3097fe194	PY_EXPRESSION_ceeb33e74faa247e401b3d6a728bd691	0	1		self	NONE	NONE		SELF				false		19	8	19	12	PY_SCOPE_970188142bdbee7518a61e5cddc287e2	PY_MODULE_6f13b60b719c68df32c58e7656b90f51	PY_BINDING_b5a43ef2f02c000390f11e8e08961e7e	LOAD	false		false	false			UNKNOWN	NONE	NONE	SERVICE_VERSION_00000000000000000000000000000000	PY_EXPRESSION_62ea80471c79a6b96565659e515e5806
CALL	RETURN_VALUE	RETURN_VALUE	METHOD	PY_TYPE_d5e01e41b5870f04c772d5d26d0912a3	PY_METHOD_4e91b430ca727895aa1cd3776fc03e54		0	0		label	NONE	NONE		UNKNOWN				false	0	23	15	23	32	PY_SCOPE_d4a546f62e9bdfe27fe752c3a360636a	PY_MODULE_6f13b60b719c68df32c58e7656b90f51		LOAD	false		false	false	self.node.label		UNKNOWN	NONE	NONE	SERVICE_VERSION_00000000000000000000000000000000	PY_EXPRESSION_203b0c1c86e00e6eb8b334e68e06da63
ATTRIBUTE_ACCESS	RECEIVER	RETURN_VALUE	METHOD	PY_TYPE_d5e01e41b5870f04c772d5d26d0912a3	PY_METHOD_4e91b430ca727895aa1cd3776fc03e54	PY_EXPRESSION_203b0c1c86e00e6eb8b334e68e06da63	0	1		label	NONE	NONE		UNKNOWN				false	0	23	15	23	30	PY_SCOPE_d4a546f62e9bdfe27fe752c3a360636a	PY_MODULE_6f13b60b719c68df32c58e7656b90f51		LOAD	false		false	false	self.node.label		UNKNOWN	NONE	NONE	SERVICE_VERSION_00000000000000000000000000000000	PY_EXPRESSION_8fde846697120c83cd5df223d86cc0bc
ATTRIBUTE_ACCESS	ATTRIBUTE_OBJECT	RETURN_VALUE	METHOD	PY_TYPE_d5e01e41b5870f04c772d5d26d0912a3	PY_METHOD_4e91b430ca727895aa1cd3776fc03e54	PY_EXPRESSION_8fde846697120c83cd5df223d86cc0bc	0	2		node	NONE	NONE		FIELD	PY_FIELD_1500c04bb5bcc7ee18d8f9d1388adfa7			false	0	23	15	23	24	PY_SCOPE_d4a546f62e9bdfe27fe752c3a360636a	PY_MODULE_6f13b60b719c68df32c58e7656b90f51		LOAD	false		false	false	self.node		UNKNOWN	NONE	NONE	SERVICE_VERSION_00000000000000000000000000000000	PY_EXPRESSION_3d50c31faf83439ce26c5965f87eeba4
SELF_REFERENCE	ATTRIBUTE_OBJECT	RETURN_VALUE	METHOD	PY_TYPE_d5e01e41b5870f04c772d5d26d0912a3	PY_METHOD_4e91b430ca727895aa1cd3776fc03e54	PY_EXPRESSION_3d50c31faf83439ce26c5965f87eeba4	0	3		self	NONE	NONE		SELF				false	0	23	15	23	19	PY_SCOPE_d4a546f62e9bdfe27fe752c3a360636a	PY_MODULE_6f13b60b719c68df32c58e7656b90f51	PY_BINDING_74167c92c56c92c5fbc8dc854b3c3e0f	LOAD	false		false	false			UNKNOWN	NONE	NONE	SERVICE_VERSION_00000000000000000000000000000000	PY_EXPRESSION_a00108fae85d6824942d2324e332ef38
NAME_REFERENCE	BASE_CLASS	BASE_CLASS_LIST	METHOD		PY_METHOD_ab5cc7a30b6043be518aff1866d5e976		0	0		Builder	NONE	NONE		TYPE	PY_TYPE_d5e01e41b5870f04c772d5d26d0912a3			false		26	19	26	26	PY_SCOPE_1a66b4df14c55812e96bca2cde6ce7be	PY_MODULE_6f13b60b719c68df32c58e7656b90f51	PY_BINDING_25731ad4a53bb67f896de98b6654f8b8	LOAD	false		false	false			UNKNOWN	NONE	NONE	SERVICE_VERSION_00000000000000000000000000000000	PY_EXPRESSION_391787bf1c696ab2f4f052f8d1a687a2
CALL	RETURN_VALUE	RETURN_VALUE	METHOD	PY_TYPE_0e60d2b02fb0b1a9548951707ae23860	PY_METHOD_5a09ae9b62212b370ffe2ccd419cd026		0	0		count	NONE	NONE		UNKNOWN				false	0	29	15	29	47	PY_SCOPE_344696e07e745ee4ea6927e6867287f5	PY_MODULE_6f13b60b719c68df32c58e7656b90f51		LOAD	false		false	false	count		UNKNOWN	NONE	NONE	SERVICE_VERSION_00000000000000000000000000000000	PY_EXPRESSION_e7e4b20991177e2a97640111704ff79f
ATTRIBUTE_ACCESS	RECEIVER	RETURN_VALUE	METHOD	PY_TYPE_0e60d2b02fb0b1a9548951707ae23860	PY_METHOD_5a09ae9b62212b370ffe2ccd419cd026	PY_EXPRESSION_e7e4b20991177e2a97640111704ff79f	0	1		count	NONE	NONE		UNKNOWN				false	0	29	15	29	45	PY_SCOPE_344696e07e745ee4ea6927e6867287f5	PY_MODULE_6f13b60b719c68df32c58e7656b90f51		LOAD	false		false	false	count		UNKNOWN	NONE	NONE	SERVICE_VERSION_00000000000000000000000000000000	PY_EXPRESSION_9b11f836be7c488144610d1039879f80
CALL	ATTRIBUTE_OBJECT	RETURN_VALUE	METHOD	PY_TYPE_0e60d2b02fb0b1a9548951707ae23860	PY_METHOD_5a09ae9b62212b370ffe2ccd419cd026	PY_EXPRESSION_9b11f836be7c488144610d1039879f80	0	2		add	NONE	NONE		UNKNOWN				false	0	29	15	29	39	PY_SCOPE_344696e07e745ee4ea6927e6867287f5	PY_MODULE_6f13b60b719c68df32c58e7656b90f51		LOAD	false		false	false	self.node.add		UNKNOWN	NONE	NONE	SERVICE_VERSION_00000000000000000000000000000000	PY_EXPRESSION_65e95384c9143e9c5e9d90a621f7386e
ATTRIBUTE_ACCESS	RECEIVER	RETURN_VALUE	METHOD	PY_TYPE_0e60d2b02fb0b1a9548951707ae23860	PY_METHOD_5a09ae9b62212b370ffe2ccd419cd026	PY_EXPRESSION_65e95384c9143e9c5e9d90a621f7386e	0	3		add	NONE	NONE		UNKNOWN				false	0	29	15	29	28	PY_SCOPE_344696e07e745ee4ea6927e6867287f5	PY_MODULE_6f13b60b719c68df32c58e7656b90f51		LOAD	false		false	false	self.node.add		UNKNOWN	NONE	NONE	SERVICE_VERSION_00000000000000000000000000000000	PY_EXPRESSION_16fef5de0782e50512a88720de0394bc
CALL	ARGUMENT	RETURN_VALUE	METHOD	PY_TYPE_0e60d2b02fb0b1a9548951707ae23860	PY_METHOD_5a09ae9b62212b370ffe2ccd419cd026	PY_EXPRESSION_65e95384c9143e9c5e9d90a621f7386e	0	3		Node	NONE	NONE		UNKNOWN				false	0	29	29	29	38	PY_SCOPE_344696e07e745ee4ea6927e6867287f5	PY_MODULE_6f13b60b719c68df32c58e7656b90f51		LOAD	false		false	false	Node		UNKNOWN	NONE	NONE	SERVICE_VERSION_00000000000000000000000000000000	PY_EXPRESSION_85d057fd8b75a8e38a9499fc7d326328
ATTRIBUTE_ACCESS	ATTRIBUTE_OBJECT	RETURN_VALUE	METHOD	PY_TYPE_0e60d2b02fb0b1a9548951707ae23860	PY_METHOD_5a09ae9b62212b370ffe2ccd419cd026	PY_EXPRESSION_16fef5de0782e50512a88720de0394bc	0	4		node	NONE	NONE		FIELD	PY_FIELD_1500c04bb5bcc7ee18d8f9d1388adfa7			false	0	29	15	29	24	PY_SCOPE_344696e07e745ee4ea6927e6867287f5	PY_MODULE_6f13b60b719c68df32c58e7656b90f51		LOAD	false		false	false	self.node		UNKNOWN	NONE	NONE	SERVICE_VERSION_00000000000000000000000000000000	PY_EXPRESSION_c7b57ed6400aff3bf01561582a416de4
NAME_REFERENCE	CALLEE	RETURN_VALUE	METHOD	PY_TYPE_0e60d2b02fb0b1a9548951707ae23860	PY_METHOD_5a09ae9b62212b370ffe2ccd419cd026	PY_EXPRESSION_85d057fd8b75a8e38a9499fc7d326328	0	4		Node	NONE	NONE		TYPE	PY_TYPE_325d8fd0ba3a48883f5b1bd661d4bef1			false	0	29	29	29	33	PY_SCOPE_344696e07e745ee4ea6927e6867287f5	PY_MODULE_6f13b60b719c68df32c58e7656b90f51	PY_BINDING_f5c95dfa9aca2b8fa19cdf9f8ba18c63	LOAD	false		false	false			UNKNOWN	NONE	NONE	SERVICE_VERSION_00000000000000000000000000000000	PY_EXPRESSION_e256e8c2f62bf491e3fa15f228051f06
LITERAL	ARGUMENT	RETURN_VALUE	METHOD	PY_TYPE_0e60d2b02fb0b1a9548951707ae23860	PY_METHOD_5a09ae9b62212b370ffe2ccd419cd026	PY_EXPRESSION_85d057fd8b75a8e38a9499fc7d326328	0	4	STRING	x	NONE	NONE		UNKNOWN				false	0	29	34	29	37	PY_SCOPE_344696e07e745ee4ea6927e6867287f5	PY_MODULE_6f13b60b719c68df32c58e7656b90f51		LOAD	false		false	false		str	BUILTIN_SCALAR	LITERAL	CERTAIN	SERVICE_VERSION_00000000000000000000000000000000	PY_EXPRESSION_f5353746b7f62e208f888f5fcab8f70e
SELF_REFERENCE	ATTRIBUTE_OBJECT	RETURN_VALUE	METHOD	PY_TYPE_0e60d2b02fb0b1a9548951707ae23860	PY_METHOD_5a09ae9b62212b370ffe2ccd419cd026	PY_EXPRESSION_c7b57ed6400aff3bf01561582a416de4	0	5		self	NONE	NONE		SELF				false	0	29	15	29	19	PY_SCOPE_344696e07e745ee4ea6927e6867287f5	PY_MODULE_6f13b60b719c68df32c58e7656b90f51	PY_BINDING_f3028d51297b86f00198f1795eabf037	LOAD	false		false	false			UNKNOWN	NONE	NONE	SERVICE_VERSION_00000000000000000000000000000000	PY_EXPRESSION_5db4cd6ff6d46082f6a098c849a47004
LITERAL	ROOT	MODULE_LEVEL_STATEMENT	METHOD		PY_METHOD_d8fafed7f87f116a2e1781226cd15529		0	0	STRING	LOCAL-VARIABLE typing -- the largest measured lever. Every receiver here is a bound local whose type is stated nowhere, and is recoverable only by joining the binding to its assignment value.	NONE	NONE		UNKNOWN				false		1	0	5	3	PY_SCOPE_0bf43928df02f343fb410edc300b2bbf	PY_MODULE_774333793bea69d5a3272a3a6a444e6f		LOAD	false		false	false		str	BUILTIN_SCALAR	LITERAL	CERTAIN	SERVICE_VERSION_00000000000000000000000000000000	PY_EXPRESSION_73262921050189d897f3fb99d17c7648
CALL	ASSIGNMENT_VALUE	ASSIGNMENT_VALUE	METHOD		PY_METHOD_a2047fc142658e71bc0922b866956fee		0	0		Node	NONE	NONE		UNKNOWN				false		11	11	11	20	PY_SCOPE_129c3ab2026fb54aa84df8615a07722c	PY_MODULE_774333793bea69d5a3272a3a6a444e6f		LOAD	false		false	false	Node		UNKNOWN	NONE	NONE	SERVICE_VERSION_00000000000000000000000000000000	PY_EXPRESSION_524bfc20c9298720192b8654b66f0746
NAME_REFERENCE	CALLEE	ASSIGNMENT_VALUE	METHOD		PY_METHOD_a2047fc142658e71bc0922b866956fee	PY_EXPRESSION_524bfc20c9298720192b8654b66f0746	0	1		Node	NONE	NONE		TYPE	PY_TYPE_325d8fd0ba3a48883f5b1bd661d4bef1			false		11	11	11	15	PY_SCOPE_129c3ab2026fb54aa84df8615a07722c	PY_MODULE_774333793bea69d5a3272a3a6a444e6f	PY_BINDING_8485a804b7e76311fe62e1f791f3ef65	LOAD	false		false	false			UNKNOWN	NONE	NONE	SERVICE_VERSION_00000000000000000000000000000000	PY_EXPRESSION_891d82ec7709b22d4fcd40a2f5ecd136
LITERAL	ARGUMENT	ASSIGNMENT_VALUE	METHOD		PY_METHOD_a2047fc142658e71bc0922b866956fee	PY_EXPRESSION_524bfc20c9298720192b8654b66f0746	0	1	STRING	a	NONE	NONE		UNKNOWN				false		11	16	11	19	PY_SCOPE_129c3ab2026fb54aa84df8615a07722c	PY_MODULE_774333793bea69d5a3272a3a6a444e6f		LOAD	false		false	false		str	BUILTIN_SCALAR	LITERAL	CERTAIN	SERVICE_VERSION_00000000000000000000000000000000	PY_EXPRESSION_ab41ba3ed4d618bda5bfa6d1629b5bef
NAME_REFERENCE	ASSIGNMENT_TARGET	ASSIGNMENT_TARGET	METHOD		PY_METHOD_a2047fc142658e71bc0922b866956fee		0	0		node	NONE	NONE		UNKNOWN				false		11	4	11	8	PY_SCOPE_129c3ab2026fb54aa84df8615a07722c	PY_MODULE_774333793bea69d5a3272a3a6a444e6f	PY_BINDING_5aaf0e16578c2749a554f9752af07292	STORE	true		false	false			UNKNOWN	NONE	NONE	SERVICE_VERSION_00000000000000000000000000000000	PY_EXPRESSION_be2856babb3f75b49d3ee5e1bf05e154
CALL	RETURN_VALUE	RETURN_VALUE	METHOD		PY_METHOD_a2047fc142658e71bc0922b866956fee		0	0		label	NONE	NONE		UNKNOWN				false	0	12	11	12	23	PY_SCOPE_129c3ab2026fb54aa84df8615a07722c	PY_MODULE_774333793bea69d5a3272a3a6a444e6f		LOAD	false		false	false	node.label		UNKNOWN	NONE	NONE	SERVICE_VERSION_00000000000000000000000000000000	PY_EXPRESSION_f4f623b6a0be8dd7623759ab78dcbd7e
ATTRIBUTE_ACCESS	RECEIVER	RETURN_VALUE	METHOD		PY_METHOD_a2047fc142658e71bc0922b866956fee	PY_EXPRESSION_f4f623b6a0be8dd7623759ab78dcbd7e	0	1		label	NONE	NONE		UNKNOWN				false	0	12	11	12	21	PY_SCOPE_129c3ab2026fb54aa84df8615a07722c	PY_MODULE_774333793bea69d5a3272a3a6a444e6f		LOAD	false		false	false	node.label		UNKNOWN	NONE	NONE	SERVICE_VERSION_00000000000000000000000000000000	PY_EXPRESSION_96d80f6a21614ffc74703439539fe0e0
NAME_REFERENCE	ATTRIBUTE_OBJECT	RETURN_VALUE	METHOD		PY_METHOD_a2047fc142658e71bc0922b866956fee	PY_EXPRESSION_96d80f6a21614ffc74703439539fe0e0	0	2		node	NONE	NONE		UNKNOWN				false	0	12	11	12	15	PY_SCOPE_129c3ab2026fb54aa84df8615a07722c	PY_MODULE_774333793bea69d5a3272a3a6a444e6f	PY_BINDING_5aaf0e16578c2749a554f9752af07292	LOAD	false		false	false			UNKNOWN	NONE	NONE	SERVICE_VERSION_00000000000000000000000000000000	PY_EXPRESSION_c2f6399d64b214a0bb4ec41f40adbfc2
CALL	ASSIGNMENT_VALUE	ASSIGNMENT_VALUE	METHOD		PY_METHOD_0f9364c1f0cad2d880d4d26bc85e801e		0	0		make_node	NONE	NONE		UNKNOWN				false		16	11	16	25	PY_SCOPE_d0317c3794a8d1b8b2b61d2be68d3d7f	PY_MODULE_774333793bea69d5a3272a3a6a444e6f		LOAD	false		false	false	make_node		UNKNOWN	NONE	NONE	SERVICE_VERSION_00000000000000000000000000000000	PY_EXPRESSION_e769392aec0c3acbb1acb4f3db753967
NAME_REFERENCE	CALLEE	ASSIGNMENT_VALUE	METHOD		PY_METHOD_0f9364c1f0cad2d880d4d26bc85e801e	PY_EXPRESSION_e769392aec0c3acbb1acb4f3db753967	0	1		make_node	NONE	NONE		METHOD	PY_METHOD_7d2d6b1fcbe9f06e17ea6be3ea44f4cd			false		16	11	16	20	PY_SCOPE_d0317c3794a8d1b8b2b61d2be68d3d7f	PY_MODULE_774333793bea69d5a3272a3a6a444e6f	PY_BINDING_edc5a87b95eaabe5b09fbd4a0b34ed29	LOAD	false		false	false			UNKNOWN	NONE	NONE	SERVICE_VERSION_00000000000000000000000000000000	PY_EXPRESSION_b2ea361499fd5ab86ff774562e151461
LITERAL	ARGUMENT	ASSIGNMENT_VALUE	METHOD		PY_METHOD_0f9364c1f0cad2d880d4d26bc85e801e	PY_EXPRESSION_e769392aec0c3acbb1acb4f3db753967	0	1	STRING	b	NONE	NONE		UNKNOWN				false		16	21	16	24	PY_SCOPE_d0317c3794a8d1b8b2b61d2be68d3d7f	PY_MODULE_774333793bea69d5a3272a3a6a444e6f		LOAD	false		false	false		str	BUILTIN_SCALAR	LITERAL	CERTAIN	SERVICE_VERSION_00000000000000000000000000000000	PY_EXPRESSION_ec8a2df15cf65c21622134348c6ca875
NAME_REFERENCE	ASSIGNMENT_TARGET	ASSIGNMENT_TARGET	METHOD		PY_METHOD_0f9364c1f0cad2d880d4d26bc85e801e		0	0		node	NONE	NONE		UNKNOWN				false		16	4	16	8	PY_SCOPE_d0317c3794a8d1b8b2b61d2be68d3d7f	PY_MODULE_774333793bea69d5a3272a3a6a444e6f	PY_BINDING_1bc3ffffc7ff2c366cf10db0c2127b0d	STORE	true		false	false			UNKNOWN	NONE	NONE	SERVICE_VERSION_00000000000000000000000000000000	PY_EXPRESSION_9fcebd384c16b290a8a4bb0440dd6ce3
CALL	RETURN_VALUE	RETURN_VALUE	METHOD		PY_METHOD_0f9364c1f0cad2d880d4d26bc85e801e		0	0		label	NONE	NONE		UNKNOWN				false	0	17	11	17	23	PY_SCOPE_d0317c3794a8d1b8b2b61d2be68d3d7f	PY_MODULE_774333793bea69d5a3272a3a6a444e6f		LOAD	false		false	false	node.label		UNKNOWN	NONE	NONE	SERVICE_VERSION_00000000000000000000000000000000	PY_EXPRESSION_a6989e9550296a36b155112e1788ff11
ATTRIBUTE_ACCESS	RECEIVER	RETURN_VALUE	METHOD		PY_METHOD_0f9364c1f0cad2d880d4d26bc85e801e	PY_EXPRESSION_a6989e9550296a36b155112e1788ff11	0	1		label	NONE	NONE		UNKNOWN				false	0	17	11	17	21	PY_SCOPE_d0317c3794a8d1b8b2b61d2be68d3d7f	PY_MODULE_774333793bea69d5a3272a3a6a444e6f		LOAD	false		false	false	node.label		UNKNOWN	NONE	NONE	SERVICE_VERSION_00000000000000000000000000000000	PY_EXPRESSION_6b244a09c12459231d433ad3606caa24
NAME_REFERENCE	ATTRIBUTE_OBJECT	RETURN_VALUE	METHOD		PY_METHOD_0f9364c1f0cad2d880d4d26bc85e801e	PY_EXPRESSION_6b244a09c12459231d433ad3606caa24	0	2		node	NONE	NONE		UNKNOWN				false	0	17	11	17	15	PY_SCOPE_d0317c3794a8d1b8b2b61d2be68d3d7f	PY_MODULE_774333793bea69d5a3272a3a6a444e6f	PY_BINDING_1bc3ffffc7ff2c366cf10db0c2127b0d	LOAD	false		false	false			UNKNOWN	NONE	NONE	SERVICE_VERSION_00000000000000000000000000000000	PY_EXPRESSION_4d153ad908483baf232125b41ee8adcb
CALL	ASSIGNMENT_VALUE	ASSIGNMENT_VALUE	METHOD		PY_METHOD_f33c64fd920235565cc59cec041d80cc		0	0		of	NONE	NONE		UNKNOWN				false		21	14	21	29	PY_SCOPE_44274049ced0d3ff8f3f7ddd402b4d54	PY_MODULE_774333793bea69d5a3272a3a6a444e6f		LOAD	false		false	false	Builder.of		UNKNOWN	NONE	NONE	SERVICE_VERSION_00000000000000000000000000000000	PY_EXPRESSION_e2ef25cbceb4b72df64f59b24160ccd2
ATTRIBUTE_ACCESS	RECEIVER	ASSIGNMENT_VALUE	METHOD		PY_METHOD_f33c64fd920235565cc59cec041d80cc	PY_EXPRESSION_e2ef25cbceb4b72df64f59b24160ccd2	0	1		of	NONE	NONE		UNKNOWN				false		21	14	21	24	PY_SCOPE_44274049ced0d3ff8f3f7ddd402b4d54	PY_MODULE_774333793bea69d5a3272a3a6a444e6f		LOAD	false		false	false	Builder.of		UNKNOWN	NONE	NONE	SERVICE_VERSION_00000000000000000000000000000000	PY_EXPRESSION_8a61018ca0c9c9bcbec4a3d414864b14
LITERAL	ARGUMENT	ASSIGNMENT_VALUE	METHOD		PY_METHOD_f33c64fd920235565cc59cec041d80cc	PY_EXPRESSION_e2ef25cbceb4b72df64f59b24160ccd2	0	1	STRING	c	NONE	NONE		UNKNOWN				false		21	25	21	28	PY_SCOPE_44274049ced0d3ff8f3f7ddd402b4d54	PY_MODULE_774333793bea69d5a3272a3a6a444e6f		LOAD	false		false	false		str	BUILTIN_SCALAR	LITERAL	CERTAIN	SERVICE_VERSION_00000000000000000000000000000000	PY_EXPRESSION_cd718ef7fa243421217ec10c9c2fe20b
NAME_REFERENCE	ATTRIBUTE_OBJECT	ASSIGNMENT_VALUE	METHOD		PY_METHOD_f33c64fd920235565cc59cec041d80cc	PY_EXPRESSION_8a61018ca0c9c9bcbec4a3d414864b14	0	2		Builder	NONE	NONE		TYPE	PY_TYPE_d5e01e41b5870f04c772d5d26d0912a3			false		21	14	21	21	PY_SCOPE_44274049ced0d3ff8f3f7ddd402b4d54	PY_MODULE_774333793bea69d5a3272a3a6a444e6f	PY_BINDING_b2dd39245cf38b01fa37106d72ec1b92	LOAD	false		false	false			UNKNOWN	NONE	NONE	SERVICE_VERSION_00000000000000000000000000000000	PY_EXPRESSION_2ead1c475d3ad9e97030b1ebbfb8d503
NAME_REFERENCE	ASSIGNMENT_TARGET	ASSIGNMENT_TARGET	METHOD		PY_METHOD_f33c64fd920235565cc59cec041d80cc		0	0		builder	NONE	NONE		UNKNOWN				false		21	4	21	11	PY_SCOPE_44274049ced0d3ff8f3f7ddd402b4d54	PY_MODULE_774333793bea69d5a3272a3a6a444e6f	PY_BINDING_957c811388708364c0221ff97c7ae6b0	STORE	true		false	false			UNKNOWN	NONE	NONE	SERVICE_VERSION_00000000000000000000000000000000	PY_EXPRESSION_3bf175001ede7950c15135c46851fbc3
CALL	RETURN_VALUE	RETURN_VALUE	METHOD		PY_METHOD_f33c64fd920235565cc59cec041d80cc		0	0		build	NONE	NONE		UNKNOWN				false	0	22	11	22	26	PY_SCOPE_44274049ced0d3ff8f3f7ddd402b4d54	PY_MODULE_774333793bea69d5a3272a3a6a444e6f		LOAD	false		false	false	builder.build		UNKNOWN	NONE	NONE	SERVICE_VERSION_00000000000000000000000000000000	PY_EXPRESSION_218c77962d0d5d775e91bbf29ae8b9ca
ATTRIBUTE_ACCESS	RECEIVER	RETURN_VALUE	METHOD		PY_METHOD_f33c64fd920235565cc59cec041d80cc	PY_EXPRESSION_218c77962d0d5d775e91bbf29ae8b9ca	0	1		build	NONE	NONE		UNKNOWN				false	0	22	11	22	24	PY_SCOPE_44274049ced0d3ff8f3f7ddd402b4d54	PY_MODULE_774333793bea69d5a3272a3a6a444e6f		LOAD	false		false	false	builder.build		UNKNOWN	NONE	NONE	SERVICE_VERSION_00000000000000000000000000000000	PY_EXPRESSION_4619359bec50c4302cc0657dfbe8027a
NAME_REFERENCE	ATTRIBUTE_OBJECT	RETURN_VALUE	METHOD		PY_METHOD_f33c64fd920235565cc59cec041d80cc	PY_EXPRESSION_4619359bec50c4302cc0657dfbe8027a	0	2		builder	NONE	NONE		UNKNOWN				false	0	22	11	22	18	PY_SCOPE_44274049ced0d3ff8f3f7ddd402b4d54	PY_MODULE_774333793bea69d5a3272a3a6a444e6f	PY_BINDING_957c811388708364c0221ff97c7ae6b0	LOAD	false		false	false			UNKNOWN	NONE	NONE	SERVICE_VERSION_00000000000000000000000000000000	PY_EXPRESSION_099f24c77115fd588302f60f2aa76e9d
CALL	ASSIGNMENT_VALUE	ASSIGNMENT_VALUE	METHOD		PY_METHOD_e4869dc8c57fbd22abd3fb43f6b7c899		0	0		Node	NONE	NONE		UNKNOWN				false		26	11	26	20	PY_SCOPE_82fbe6070bd079b52c30666f54b90851	PY_MODULE_774333793bea69d5a3272a3a6a444e6f		LOAD	false		false	false	Node		UNKNOWN	NONE	NONE	SERVICE_VERSION_00000000000000000000000000000000	PY_EXPRESSION_79eafebc2e102265f03152f0208f0512
NAME_REFERENCE	CALLEE	ASSIGNMENT_VALUE	METHOD		PY_METHOD_e4869dc8c57fbd22abd3fb43f6b7c899	PY_EXPRESSION_79eafebc2e102265f03152f0208f0512	0	1		Node	NONE	NONE		TYPE	PY_TYPE_325d8fd0ba3a48883f5b1bd661d4bef1			false		26	11	26	15	PY_SCOPE_82fbe6070bd079b52c30666f54b90851	PY_MODULE_774333793bea69d5a3272a3a6a444e6f	PY_BINDING_9cee805a796532c2d35b61fc57303189	LOAD	false		false	false			UNKNOWN	NONE	NONE	SERVICE_VERSION_00000000000000000000000000000000	PY_EXPRESSION_66e4e33592cc9cb822cdba1e1426cd58
LITERAL	ARGUMENT	ASSIGNMENT_VALUE	METHOD		PY_METHOD_e4869dc8c57fbd22abd3fb43f6b7c899	PY_EXPRESSION_79eafebc2e102265f03152f0208f0512	0	1	STRING	d	NONE	NONE		UNKNOWN				false		26	16	26	19	PY_SCOPE_82fbe6070bd079b52c30666f54b90851	PY_MODULE_774333793bea69d5a3272a3a6a444e6f		LOAD	false		false	false		str	BUILTIN_SCALAR	LITERAL	CERTAIN	SERVICE_VERSION_00000000000000000000000000000000	PY_EXPRESSION_7e40848140f150f2b46b4c10528ba6b1
NAME_REFERENCE	ASSIGNMENT_TARGET	ASSIGNMENT_TARGET	METHOD		PY_METHOD_e4869dc8c57fbd22abd3fb43f6b7c899		0	0		node	NONE	NONE		UNKNOWN				false		26	4	26	8	PY_SCOPE_82fbe6070bd079b52c30666f54b90851	PY_MODULE_774333793bea69d5a3272a3a6a444e6f	PY_BINDING_06cb9fa0f869207c802cff138375bdc9	STORE	true		false	false			UNKNOWN	NONE	NONE	SERVICE_VERSION_00000000000000000000000000000000	PY_EXPRESSION_0687dfa96c52d0e61e344c2bac0bfc77
CALL	ASSIGNMENT_VALUE	ASSIGNMENT_VALUE	METHOD		PY_METHOD_e4869dc8c57fbd22abd3fb43f6b7c899		0	0		Node	NONE	NONE		UNKNOWN				false		27	11	27	20	PY_SCOPE_82fbe6070bd079b52c30666f54b90851	PY_MODULE_774333793bea69d5a3272a3a6a444e6f		LOAD	false		false	false	Node		UNKNOWN	NONE	NONE	SERVICE_VERSION_00000000000000000000000000000000	PY_EXPRESSION_acda40f482b3cd2fdc7c3e54e92a3e82
NAME_REFERENCE	CALLEE	ASSIGNMENT_VALUE	METHOD		PY_METHOD_e4869dc8c57fbd22abd3fb43f6b7c899	PY_EXPRESSION_acda40f482b3cd2fdc7c3e54e92a3e82	0	1		Node	NONE	NONE		TYPE	PY_TYPE_325d8fd0ba3a48883f5b1bd661d4bef1			false		27	11	27	15	PY_SCOPE_82fbe6070bd079b52c30666f54b90851	PY_MODULE_774333793bea69d5a3272a3a6a444e6f	PY_BINDING_9cee805a796532c2d35b61fc57303189	LOAD	false		false	false			UNKNOWN	NONE	NONE	SERVICE_VERSION_00000000000000000000000000000000	PY_EXPRESSION_8ab97340a3d957e5af069aa96b352bff
LITERAL	ARGUMENT	ASSIGNMENT_VALUE	METHOD		PY_METHOD_e4869dc8c57fbd22abd3fb43f6b7c899	PY_EXPRESSION_acda40f482b3cd2fdc7c3e54e92a3e82	0	1	STRING	e	NONE	NONE		UNKNOWN				false		27	16	27	19	PY_SCOPE_82fbe6070bd079b52c30666f54b90851	PY_MODULE_774333793bea69d5a3272a3a6a444e6f		LOAD	false		false	false		str	BUILTIN_SCALAR	LITERAL	CERTAIN	SERVICE_VERSION_00000000000000000000000000000000	PY_EXPRESSION_4dcd34e486bd2469c3e81f861bd0724a
NAME_REFERENCE	ASSIGNMENT_TARGET	ASSIGNMENT_TARGET	METHOD		PY_METHOD_e4869dc8c57fbd22abd3fb43f6b7c899		0	0		node	NONE	NONE		UNKNOWN				false		27	4	27	8	PY_SCOPE_82fbe6070bd079b52c30666f54b90851	PY_MODULE_774333793bea69d5a3272a3a6a444e6f	PY_BINDING_06cb9fa0f869207c802cff138375bdc9	STORE	true		false	false			UNKNOWN	NONE	NONE	SERVICE_VERSION_00000000000000000000000000000000	PY_EXPRESSION_53152c7abdc047b3059caeb92ca1d4d4
CALL	RETURN_VALUE	RETURN_VALUE	METHOD		PY_METHOD_e4869dc8c57fbd22abd3fb43f6b7c899		0	0		label	NONE	NONE		UNKNOWN				false	0	28	11	28	23	PY_SCOPE_82fbe6070bd079b52c30666f54b90851	PY_MODULE_774333793bea69d5a3272a3a6a444e6f		LOAD	false		false	false	node.label		UNKNOWN	NONE	NONE	SERVICE_VERSION_00000000000000000000000000000000	PY_EXPRESSION_6c7378ac7e591d78fd26ae0f85392468
ATTRIBUTE_ACCESS	RECEIVER	RETURN_VALUE	METHOD		PY_METHOD_e4869dc8c57fbd22abd3fb43f6b7c899	PY_EXPRESSION_6c7378ac7e591d78fd26ae0f85392468	0	1		label	NONE	NONE		UNKNOWN				false	0	28	11	28	21	PY_SCOPE_82fbe6070bd079b52c30666f54b90851	PY_MODULE_774333793bea69d5a3272a3a6a444e6f		LOAD	false		false	false	node.label		UNKNOWN	NONE	NONE	SERVICE_VERSION_00000000000000000000000000000000	PY_EXPRESSION_7395dde2d9bd0d980174252b078ed40b
NAME_REFERENCE	ATTRIBUTE_OBJECT	RETURN_VALUE	METHOD		PY_METHOD_e4869dc8c57fbd22abd3fb43f6b7c899	PY_EXPRESSION_7395dde2d9bd0d980174252b078ed40b	0	2		node	NONE	NONE		UNKNOWN				false	0	28	11	28	15	PY_SCOPE_82fbe6070bd079b52c30666f54b90851	PY_MODULE_774333793bea69d5a3272a3a6a444e6f	PY_BINDING_06cb9fa0f869207c802cff138375bdc9	LOAD	false		false	false			UNKNOWN	NONE	NONE	SERVICE_VERSION_00000000000000000000000000000000	PY_EXPRESSION_1266c887ef3243b24fed9bd99e00c40b
CALL	ASSIGNMENT_VALUE	ASSIGNMENT_VALUE	METHOD		PY_METHOD_23d191e47abf73ad0654887b883f6a0c		0	0		make_registry	NONE	NONE		UNKNOWN				false		32	10	32	25	PY_SCOPE_a8c96ec79443474cdeeba217a92f7d09	PY_MODULE_774333793bea69d5a3272a3a6a444e6f		LOAD	false		false	false	make_registry		UNKNOWN	NONE	NONE	SERVICE_VERSION_00000000000000000000000000000000	PY_EXPRESSION_83d26f7bc425dc9461ec3ad86da70082
NAME_REFERENCE	CALLEE	ASSIGNMENT_VALUE	METHOD		PY_METHOD_23d191e47abf73ad0654887b883f6a0c	PY_EXPRESSION_83d26f7bc425dc9461ec3ad86da70082	0	1		make_registry	NONE	NONE		METHOD	PY_METHOD_de5e770015d0865e8824f96caa557604			false		32	10	32	23	PY_SCOPE_a8c96ec79443474cdeeba217a92f7d09	PY_MODULE_774333793bea69d5a3272a3a6a444e6f	PY_BINDING_8fdbde8904ef0b454158df8cfae39ce3	LOAD	false		false	false			UNKNOWN	NONE	NONE	SERVICE_VERSION_00000000000000000000000000000000	PY_EXPRESSION_98b272a5100b29fa9d83833169f975a4
NAME_REFERENCE	ASSIGNMENT_TARGET	ASSIGNMENT_TARGET	METHOD		PY_METHOD_23d191e47abf73ad0654887b883f6a0c		0	0		reg	NONE	NONE		UNKNOWN				false		32	4	32	7	PY_SCOPE_a8c96ec79443474cdeeba217a92f7d09	PY_MODULE_774333793bea69d5a3272a3a6a444e6f	PY_BINDING_429e9d5ec1b28cc1781b0d1b1728de5c	STORE	true		false	false			UNKNOWN	NONE	NONE	SERVICE_VERSION_00000000000000000000000000000000	PY_EXPRESSION_194181442aa7181742c88a2ab1343d30
CALL	ROOT	EXPRESSION_STATEMENT	METHOD		PY_METHOD_23d191e47abf73ad0654887b883f6a0c		0	0		store	NONE	NONE		UNKNOWN				false		33	4	33	24	PY_SCOPE_a8c96ec79443474cdeeba217a92f7d09	PY_MODULE_774333793bea69d5a3272a3a6a444e6f		LOAD	false		false	false	reg.store		UNKNOWN	NONE	NONE	SERVICE_VERSION_00000000000000000000000000000000	PY_EXPRESSION_3de0b31404a99328f29ecda7ea391558
ATTRIBUTE_ACCESS	RECEIVER	EXPRESSION_STATEMENT	METHOD		PY_METHOD_23d191e47abf73ad0654887b883f6a0c	PY_EXPRESSION_3de0b31404a99328f29ecda7ea391558	0	1		store	NONE	NONE		UNKNOWN				false		33	4	33	13	PY_SCOPE_a8c96ec79443474cdeeba217a92f7d09	PY_MODULE_774333793bea69d5a3272a3a6a444e6f		LOAD	false		false	false	reg.store		UNKNOWN	NONE	NONE	SERVICE_VERSION_00000000000000000000000000000000	PY_EXPRESSION_7a94bfcda572e8c3687537e8c4237546
CALL	ARGUMENT	EXPRESSION_STATEMENT	METHOD		PY_METHOD_23d191e47abf73ad0654887b883f6a0c	PY_EXPRESSION_3de0b31404a99328f29ecda7ea391558	0	1		Node	NONE	NONE		UNKNOWN				false		33	14	33	23	PY_SCOPE_a8c96ec79443474cdeeba217a92f7d09	PY_MODULE_774333793bea69d5a3272a3a6a444e6f		LOAD	false		false	false	Node		UNKNOWN	NONE	NONE	SERVICE_VERSION_00000000000000000000000000000000	PY_EXPRESSION_6a0d75f51dad2b646f055c064b70680b
NAME_REFERENCE	ATTRIBUTE_OBJECT	EXPRESSION_STATEMENT	METHOD		PY_METHOD_23d191e47abf73ad0654887b883f6a0c	PY_EXPRESSION_7a94bfcda572e8c3687537e8c4237546	0	2		reg	NONE	NONE		UNKNOWN				false		33	4	33	7	PY_SCOPE_a8c96ec79443474cdeeba217a92f7d09	PY_MODULE_774333793bea69d5a3272a3a6a444e6f	PY_BINDING_429e9d5ec1b28cc1781b0d1b1728de5c	LOAD	false		false	false			UNKNOWN	NONE	NONE	SERVICE_VERSION_00000000000000000000000000000000	PY_EXPRESSION_07f813f80e27767b40ddb5b0be9cf709
NAME_REFERENCE	CALLEE	EXPRESSION_STATEMENT	METHOD		PY_METHOD_23d191e47abf73ad0654887b883f6a0c	PY_EXPRESSION_6a0d75f51dad2b646f055c064b70680b	0	2		Node	NONE	NONE		TYPE	PY_TYPE_325d8fd0ba3a48883f5b1bd661d4bef1			false		33	14	33	18	PY_SCOPE_a8c96ec79443474cdeeba217a92f7d09	PY_MODULE_774333793bea69d5a3272a3a6a444e6f	PY_BINDING_b541e57c7da9320ff53649ebf5cb4fab	LOAD	false		false	false			UNKNOWN	NONE	NONE	SERVICE_VERSION_00000000000000000000000000000000	PY_EXPRESSION_af2c88572735505c0d22da42cf95299f
LITERAL	ARGUMENT	EXPRESSION_STATEMENT	METHOD		PY_METHOD_23d191e47abf73ad0654887b883f6a0c	PY_EXPRESSION_6a0d75f51dad2b646f055c064b70680b	0	2	STRING	f	NONE	NONE		UNKNOWN				false		33	19	33	22	PY_SCOPE_a8c96ec79443474cdeeba217a92f7d09	PY_MODULE_774333793bea69d5a3272a3a6a444e6f		LOAD	false		false	false		str	BUILTIN_SCALAR	LITERAL	CERTAIN	SERVICE_VERSION_00000000000000000000000000000000	PY_EXPRESSION_1df9142ae555a729c02b225e95264e74
CALL	RETURN_VALUE	RETURN_VALUE	METHOD		PY_METHOD_23d191e47abf73ad0654887b883f6a0c		0	0		label	NONE	NONE		UNKNOWN				false	0	34	11	34	30	PY_SCOPE_a8c96ec79443474cdeeba217a92f7d09	PY_MODULE_774333793bea69d5a3272a3a6a444e6f		LOAD	false		false	false	label		UNKNOWN	NONE	NONE	SERVICE_VERSION_00000000000000000000000000000000	PY_EXPRESSION_78dbb645a1e6f4677652d75a6817b7c3
ATTRIBUTE_ACCESS	RECEIVER	RETURN_VALUE	METHOD		PY_METHOD_23d191e47abf73ad0654887b883f6a0c	PY_EXPRESSION_78dbb645a1e6f4677652d75a6817b7c3	0	1		label	NONE	NONE		UNKNOWN				false	0	34	11	34	28	PY_SCOPE_a8c96ec79443474cdeeba217a92f7d09	PY_MODULE_774333793bea69d5a3272a3a6a444e6f		LOAD	false		false	false	label		UNKNOWN	NONE	NONE	SERVICE_VERSION_00000000000000000000000000000000	PY_EXPRESSION_062ec67b45c9a8fd6c596dc52bef0d3d
CALL	ATTRIBUTE_OBJECT	RETURN_VALUE	METHOD		PY_METHOD_23d191e47abf73ad0654887b883f6a0c	PY_EXPRESSION_062ec67b45c9a8fd6c596dc52bef0d3d	0	2		first	NONE	NONE		UNKNOWN				false	0	34	11	34	22	PY_SCOPE_a8c96ec79443474cdeeba217a92f7d09	PY_MODULE_774333793bea69d5a3272a3a6a444e6f		LOAD	false		false	false	reg.first		UNKNOWN	NONE	NONE	SERVICE_VERSION_00000000000000000000000000000000	PY_EXPRESSION_84ba614c7543ab5f98e46497e04d4daf
ATTRIBUTE_ACCESS	RECEIVER	RETURN_VALUE	METHOD		PY_METHOD_23d191e47abf73ad0654887b883f6a0c	PY_EXPRESSION_84ba614c7543ab5f98e46497e04d4daf	0	3		first	NONE	NONE		UNKNOWN				false	0	34	11	34	20	PY_SCOPE_a8c96ec79443474cdeeba217a92f7d09	PY_MODULE_774333793bea69d5a3272a3a6a444e6f		LOAD	false		false	false	reg.first		UNKNOWN	NONE	NONE	SERVICE_VERSION_00000000000000000000000000000000	PY_EXPRESSION_69e0913f6a50d42793bd163cba9d3d7b
NAME_REFERENCE	ATTRIBUTE_OBJECT	RETURN_VALUE	METHOD		PY_METHOD_23d191e47abf73ad0654887b883f6a0c	PY_EXPRESSION_69e0913f6a50d42793bd163cba9d3d7b	0	4		reg	NONE	NONE		UNKNOWN				false	0	34	11	34	14	PY_SCOPE_a8c96ec79443474cdeeba217a92f7d09	PY_MODULE_774333793bea69d5a3272a3a6a444e6f	PY_BINDING_429e9d5ec1b28cc1781b0d1b1728de5c	LOAD	false		false	false			UNKNOWN	NONE	NONE	SERVICE_VERSION_00000000000000000000000000000000	PY_EXPRESSION_19cdba061f30be21a196a558328d3ac0
CALL	ASSIGNMENT_VALUE	ASSIGNMENT_VALUE	METHOD		PY_METHOD_9bfe8291c74f01115a62c5a09438cd61		0	0		Node	NONE	NONE		UNKNOWN				false		38	11	38	20	PY_SCOPE_82992e5329b24ebb7683a2a334e52b2b	PY_MODULE_774333793bea69d5a3272a3a6a444e6f		LOAD	false		false	false	Node		UNKNOWN	NONE	NONE	SERVICE_VERSION_00000000000000000000000000000000	PY_EXPRESSION_96120c1d4452fb0a0e81c756f250b916
NAME_REFERENCE	CALLEE	ASSIGNMENT_VALUE	METHOD		PY_METHOD_9bfe8291c74f01115a62c5a09438cd61	PY_EXPRESSION_96120c1d4452fb0a0e81c756f250b916	0	1		Node	NONE	NONE		TYPE	PY_TYPE_325d8fd0ba3a48883f5b1bd661d4bef1			false		38	11	38	15	PY_SCOPE_82992e5329b24ebb7683a2a334e52b2b	PY_MODULE_774333793bea69d5a3272a3a6a444e6f	PY_BINDING_fbfe98b4c6a8c1c5a7fe73160f863b6b	LOAD	false		false	false			UNKNOWN	NONE	NONE	SERVICE_VERSION_00000000000000000000000000000000	PY_EXPRESSION_775a32afaafba46d9141a6ce52524962
LITERAL	ARGUMENT	ASSIGNMENT_VALUE	METHOD		PY_METHOD_9bfe8291c74f01115a62c5a09438cd61	PY_EXPRESSION_96120c1d4452fb0a0e81c756f250b916	0	1	STRING	g	NONE	NONE		UNKNOWN				false		38	16	38	19	PY_SCOPE_82992e5329b24ebb7683a2a334e52b2b	PY_MODULE_774333793bea69d5a3272a3a6a444e6f		LOAD	false		false	false		str	BUILTIN_SCALAR	LITERAL	CERTAIN	SERVICE_VERSION_00000000000000000000000000000000	PY_EXPRESSION_0d217d43e624eda2f8aa48b6daf8c270
NAME_REFERENCE	ASSIGNMENT_TARGET	ASSIGNMENT_TARGET	METHOD		PY_METHOD_9bfe8291c74f01115a62c5a09438cd61		0	0		node	NONE	NONE		UNKNOWN				false		38	4	38	8	PY_SCOPE_82992e5329b24ebb7683a2a334e52b2b	PY_MODULE_774333793bea69d5a3272a3a6a444e6f	PY_BINDING_af50bdcbfc62d46f7526301959491613	STORE	true		false	false			UNKNOWN	NONE	NONE	SERVICE_VERSION_00000000000000000000000000000000	PY_EXPRESSION_9c253b8afb2c0407c177a3f8e9a8a87c
CALL	RETURN_VALUE	RETURN_VALUE	METHOD		PY_METHOD_9bfe8291c74f01115a62c5a09438cd61		0	0		consume	NONE	NONE		UNKNOWN				false	0	39	11	39	24	PY_SCOPE_82992e5329b24ebb7683a2a334e52b2b	PY_MODULE_774333793bea69d5a3272a3a6a444e6f		LOAD	false		false	false	consume		UNKNOWN	NONE	NONE	SERVICE_VERSION_00000000000000000000000000000000	PY_EXPRESSION_251daaaf65e8be37673df93d6e395826
NAME_REFERENCE	CALLEE	RETURN_VALUE	METHOD		PY_METHOD_9bfe8291c74f01115a62c5a09438cd61	PY_EXPRESSION_251daaaf65e8be37673df93d6e395826	0	1		consume	NONE	NONE		METHOD	PY_METHOD_1ee49da1b04115f4f920851320ae83f0			false	0	39	11	39	18	PY_SCOPE_82992e5329b24ebb7683a2a334e52b2b	PY_MODULE_774333793bea69d5a3272a3a6a444e6f	PY_BINDING_4388c6eb730b0e7ea349a2b6f2477afd	LOAD	false		false	false			UNKNOWN	NONE	NONE	SERVICE_VERSION_00000000000000000000000000000000	PY_EXPRESSION_8a2d194970a3d71c1f3d2552b8db5e67
NAME_REFERENCE	ARGUMENT	RETURN_VALUE	METHOD		PY_METHOD_9bfe8291c74f01115a62c5a09438cd61	PY_EXPRESSION_251daaaf65e8be37673df93d6e395826	0	1		node	NONE	NONE		UNKNOWN				false	0	39	19	39	23	PY_SCOPE_82992e5329b24ebb7683a2a334e52b2b	PY_MODULE_774333793bea69d5a3272a3a6a444e6f	PY_BINDING_af50bdcbfc62d46f7526301959491613	LOAD	false		false	false			UNKNOWN	NONE	NONE	SERVICE_VERSION_00000000000000000000000000000000	PY_EXPRESSION_5312094e0d7697d51b65a8af37006ce3
LITERAL	ROOT	EXPRESSION_STATEMENT	METHOD		PY_METHOD_1ee49da1b04115f4f920851320ae83f0		0	0	STRING	Unannotated parameter; type comes only from callers.	NONE	NONE		UNKNOWN				false		43	4	43	62	PY_SCOPE_d0ea1468c5ed07eba87ffa5bc60cc3c3	PY_MODULE_774333793bea69d5a3272a3a6a444e6f		LOAD	false		false	false		str	BUILTIN_SCALAR	LITERAL	CERTAIN	SERVICE_VERSION_00000000000000000000000000000000	PY_EXPRESSION_4a36ab918001e87b87df29d10788eafc
CALL	RETURN_VALUE	RETURN_VALUE	METHOD		PY_METHOD_1ee49da1b04115f4f920851320ae83f0		0	0		label	NONE	NONE		UNKNOWN				false	0	44	11	44	23	PY_SCOPE_d0ea1468c5ed07eba87ffa5bc60cc3c3	PY_MODULE_774333793bea69d5a3272a3a6a444e6f		LOAD	false		false	false	node.label		UNKNOWN	NONE	NONE	SERVICE_VERSION_00000000000000000000000000000000	PY_EXPRESSION_c1a97bb91e6c71542c21ef04c0668538
ATTRIBUTE_ACCESS	RECEIVER	RETURN_VALUE	METHOD		PY_METHOD_1ee49da1b04115f4f920851320ae83f0	PY_EXPRESSION_c1a97bb91e6c71542c21ef04c0668538	0	1		label	NONE	NONE		UNKNOWN				false	0	44	11	44	21	PY_SCOPE_d0ea1468c5ed07eba87ffa5bc60cc3c3	PY_MODULE_774333793bea69d5a3272a3a6a444e6f		LOAD	false		false	false	node.label		UNKNOWN	NONE	NONE	SERVICE_VERSION_00000000000000000000000000000000	PY_EXPRESSION_81ad1033fc412e36d630192b0b1f0f3a
NAME_REFERENCE	ATTRIBUTE_OBJECT	RETURN_VALUE	METHOD		PY_METHOD_1ee49da1b04115f4f920851320ae83f0	PY_EXPRESSION_81ad1033fc412e36d630192b0b1f0f3a	0	2		node	NONE	NONE		UNKNOWN				false	0	44	11	44	15	PY_SCOPE_d0ea1468c5ed07eba87ffa5bc60cc3c3	PY_MODULE_774333793bea69d5a3272a3a6a444e6f	PY_BINDING_8b0e222056422c4ee53e6bfad2ecaf7b	LOAD	false		false	false			UNKNOWN	NONE	NONE	SERVICE_VERSION_00000000000000000000000000000000	PY_EXPRESSION_d4fb87ff756d63a77adf9fcc33afbc88
CALL	ASSIGNMENT_VALUE	ASSIGNMENT_VALUE	METHOD		PY_METHOD_c9011abaa6f762260b60df3c7a4a5383		0	0		TypedBuilder	NONE	NONE		UNKNOWN				false		48	14	48	31	PY_SCOPE_4747c972dbab74c929b2e8645e086da9	PY_MODULE_774333793bea69d5a3272a3a6a444e6f		LOAD	false		false	false	TypedBuilder		UNKNOWN	NONE	NONE	SERVICE_VERSION_00000000000000000000000000000000	PY_EXPRESSION_e043c7439f2a1cebd64ee05f7a84e4ff
NAME_REFERENCE	CALLEE	ASSIGNMENT_VALUE	METHOD		PY_METHOD_c9011abaa6f762260b60df3c7a4a5383	PY_EXPRESSION_e043c7439f2a1cebd64ee05f7a84e4ff	0	1		TypedBuilder	NONE	NONE		TYPE	PY_TYPE_0e60d2b02fb0b1a9548951707ae23860			false		48	14	48	26	PY_SCOPE_4747c972dbab74c929b2e8645e086da9	PY_MODULE_774333793bea69d5a3272a3a6a444e6f	PY_BINDING_a44d5cba79bbda83708c425f3629b53a	LOAD	false		false	false			UNKNOWN	NONE	NONE	SERVICE_VERSION_00000000000000000000000000000000	PY_EXPRESSION_b7518713fdb5984f6da417a43ac9d25b
LITERAL	ARGUMENT	ASSIGNMENT_VALUE	METHOD		PY_METHOD_c9011abaa6f762260b60df3c7a4a5383	PY_EXPRESSION_e043c7439f2a1cebd64ee05f7a84e4ff	0	1	STRING	h	NONE	NONE		UNKNOWN				false		48	27	48	30	PY_SCOPE_4747c972dbab74c929b2e8645e086da9	PY_MODULE_774333793bea69d5a3272a3a6a444e6f		LOAD	false		false	false		str	BUILTIN_SCALAR	LITERAL	CERTAIN	SERVICE_VERSION_00000000000000000000000000000000	PY_EXPRESSION_6d5d3cd81ba2bc164a0d8e77cab30a9a
NAME_REFERENCE	ASSIGNMENT_TARGET	ASSIGNMENT_TARGET	METHOD		PY_METHOD_c9011abaa6f762260b60df3c7a4a5383		0	0		builder	NONE	NONE		UNKNOWN				false		48	4	48	11	PY_SCOPE_4747c972dbab74c929b2e8645e086da9	PY_MODULE_774333793bea69d5a3272a3a6a444e6f	PY_BINDING_28c521c76694c076614eecf919fec91d	STORE	true		false	false			UNKNOWN	NONE	NONE	SERVICE_VERSION_00000000000000000000000000000000	PY_EXPRESSION_19b5d889a8b422707a2bb5d57b9c69c5
CALL	RETURN_VALUE	RETURN_VALUE	METHOD		PY_METHOD_c9011abaa6f762260b60df3c7a4a5383		0	0		count	NONE	NONE		UNKNOWN				false	0	49	11	49	46	PY_SCOPE_4747c972dbab74c929b2e8645e086da9	PY_MODULE_774333793bea69d5a3272a3a6a444e6f		LOAD	false		false	false	count		UNKNOWN	NONE	NONE	SERVICE_VERSION_00000000000000000000000000000000	PY_EXPRESSION_42161748840e2e8a24e24d0dcb518e8a
ATTRIBUTE_ACCESS	RECEIVER	RETURN_VALUE	METHOD		PY_METHOD_c9011abaa6f762260b60df3c7a4a5383	PY_EXPRESSION_42161748840e2e8a24e24d0dcb518e8a	0	1		count	NONE	NONE		UNKNOWN				false	0	49	11	49	44	PY_SCOPE_4747c972dbab74c929b2e8645e086da9	PY_MODULE_774333793bea69d5a3272a3a6a444e6f		LOAD	false		false	false	count		UNKNOWN	NONE	NONE	SERVICE_VERSION_00000000000000000000000000000000	PY_EXPRESSION_ef8c6cbfc5d2594acba6b328c2b1c3ae
CALL	ATTRIBUTE_OBJECT	RETURN_VALUE	METHOD		PY_METHOD_c9011abaa6f762260b60df3c7a4a5383	PY_EXPRESSION_ef8c6cbfc5d2594acba6b328c2b1c3ae	0	2		add	NONE	NONE		UNKNOWN				false	0	49	11	49	38	PY_SCOPE_4747c972dbab74c929b2e8645e086da9	PY_MODULE_774333793bea69d5a3272a3a6a444e6f		LOAD	false		false	false	builder.node.add		UNKNOWN	NONE	NONE	SERVICE_VERSION_00000000000000000000000000000000	PY_EXPRESSION_dc048caa1266d7fbdbcbd658f8170ee0
ATTRIBUTE_ACCESS	RECEIVER	RETURN_VALUE	METHOD		PY_METHOD_c9011abaa6f762260b60df3c7a4a5383	PY_EXPRESSION_dc048caa1266d7fbdbcbd658f8170ee0	0	3		add	NONE	NONE		UNKNOWN				false	0	49	11	49	27	PY_SCOPE_4747c972dbab74c929b2e8645e086da9	PY_MODULE_774333793bea69d5a3272a3a6a444e6f		LOAD	false		false	false	builder.node.add		UNKNOWN	NONE	NONE	SERVICE_VERSION_00000000000000000000000000000000	PY_EXPRESSION_aa0eccbb2721f31b6657416bdb606ef6
CALL	ARGUMENT	RETURN_VALUE	METHOD		PY_METHOD_c9011abaa6f762260b60df3c7a4a5383	PY_EXPRESSION_dc048caa1266d7fbdbcbd658f8170ee0	0	3		Node	NONE	NONE		UNKNOWN				false	0	49	28	49	37	PY_SCOPE_4747c972dbab74c929b2e8645e086da9	PY_MODULE_774333793bea69d5a3272a3a6a444e6f		LOAD	false		false	false	Node		UNKNOWN	NONE	NONE	SERVICE_VERSION_00000000000000000000000000000000	PY_EXPRESSION_ced4560af8cdebe91ae8ce6910ea52a8
ATTRIBUTE_ACCESS	ATTRIBUTE_OBJECT	RETURN_VALUE	METHOD		PY_METHOD_c9011abaa6f762260b60df3c7a4a5383	PY_EXPRESSION_aa0eccbb2721f31b6657416bdb606ef6	0	4		node	NONE	NONE		UNKNOWN				false	0	49	11	49	23	PY_SCOPE_4747c972dbab74c929b2e8645e086da9	PY_MODULE_774333793bea69d5a3272a3a6a444e6f		LOAD	false		false	false	builder.node		UNKNOWN	NONE	NONE	SERVICE_VERSION_00000000000000000000000000000000	PY_EXPRESSION_d3acc4fc04eb477407e023bc7748ff71
NAME_REFERENCE	CALLEE	RETURN_VALUE	METHOD		PY_METHOD_c9011abaa6f762260b60df3c7a4a5383	PY_EXPRESSION_ced4560af8cdebe91ae8ce6910ea52a8	0	4		Node	NONE	NONE		TYPE	PY_TYPE_325d8fd0ba3a48883f5b1bd661d4bef1			false	0	49	28	49	32	PY_SCOPE_4747c972dbab74c929b2e8645e086da9	PY_MODULE_774333793bea69d5a3272a3a6a444e6f	PY_BINDING_0e376bac780402850aa544877608c365	LOAD	false		false	false			UNKNOWN	NONE	NONE	SERVICE_VERSION_00000000000000000000000000000000	PY_EXPRESSION_8eaf73978885fc75d114a101ec7d260f
LITERAL	ARGUMENT	RETURN_VALUE	METHOD		PY_METHOD_c9011abaa6f762260b60df3c7a4a5383	PY_EXPRESSION_ced4560af8cdebe91ae8ce6910ea52a8	0	4	STRING	i	NONE	NONE		UNKNOWN				false	0	49	33	49	36	PY_SCOPE_4747c972dbab74c929b2e8645e086da9	PY_MODULE_774333793bea69d5a3272a3a6a444e6f		LOAD	false		false	false		str	BUILTIN_SCALAR	LITERAL	CERTAIN	SERVICE_VERSION_00000000000000000000000000000000	PY_EXPRESSION_aad8165846a3d00a1bb8346cb95bf993
NAME_REFERENCE	ATTRIBUTE_OBJECT	RETURN_VALUE	METHOD		PY_METHOD_c9011abaa6f762260b60df3c7a4a5383	PY_EXPRESSION_d3acc4fc04eb477407e023bc7748ff71	0	5		builder	NONE	NONE		UNKNOWN				false	0	49	11	49	18	PY_SCOPE_4747c972dbab74c929b2e8645e086da9	PY_MODULE_774333793bea69d5a3272a3a6a444e6f	PY_BINDING_28c521c76694c076614eecf919fec91d	LOAD	false		false	false			UNKNOWN	NONE	NONE	SERVICE_VERSION_00000000000000000000000000000000	PY_EXPRESSION_487d6add26f22683e5c584ff5b6ac398
LITERAL	ROOT	MODULE_LEVEL_STATEMENT	METHOD		PY_METHOD_c8156bf9dfbf065d0bf7b847ba5e38ef		0	0	STRING	SELF and SUPER, entirely in-root so the ceiling stays 100%.	NONE	NONE		UNKNOWN				false		1	0	1	65	PY_SCOPE_5253c6980abebba734c188cf7d78e831	PY_MODULE_a33b8c4bbf1742fb9dadfea7d3a92e31		LOAD	false		false	false		str	BUILTIN_SCALAR	LITERAL	CERTAIN	SERVICE_VERSION_00000000000000000000000000000000	PY_EXPRESSION_a185bc13a8dc313b7669d0ff5734078d
NAME_REFERENCE	BASE_CLASS	BASE_CLASS_LIST	METHOD		PY_METHOD_c8156bf9dfbf065d0bf7b847ba5e38ef		0	0		Node	NONE	NONE		TYPE	PY_TYPE_325d8fd0ba3a48883f5b1bd661d4bef1			false		5	13	5	17	PY_SCOPE_5253c6980abebba734c188cf7d78e831	PY_MODULE_a33b8c4bbf1742fb9dadfea7d3a92e31	PY_BINDING_73b13ebc9ae7c47d27026eddaadef59f	LOAD	false		false	false			UNKNOWN	NONE	NONE	SERVICE_VERSION_00000000000000000000000000000000	PY_EXPRESSION_060e4cf3cf00a2882c50135bb11211c1
CALL	RETURN_VALUE	RETURN_VALUE	METHOD	PY_TYPE_29dbf7f364098ccee10a7f6219a69f40	PY_METHOD_e02a565ade91c49cb03c1e386163139b		0	0		label	NONE	NONE		UNKNOWN				false	0	7	15	7	30	PY_SCOPE_5650478ce085143af2263dc943c35f1f	PY_MODULE_a33b8c4bbf1742fb9dadfea7d3a92e31		LOAD	false		false	false	label		UNKNOWN	NONE	NONE	SERVICE_VERSION_00000000000000000000000000000000	PY_EXPRESSION_b9fe2519d3fdec999d4ff30bfd90a181
ATTRIBUTE_ACCESS	RECEIVER	RETURN_VALUE	METHOD	PY_TYPE_29dbf7f364098ccee10a7f6219a69f40	PY_METHOD_e02a565ade91c49cb03c1e386163139b	PY_EXPRESSION_b9fe2519d3fdec999d4ff30bfd90a181	0	1		label	NONE	NONE		UNKNOWN				false	0	7	15	7	28	PY_SCOPE_5650478ce085143af2263dc943c35f1f	PY_MODULE_a33b8c4bbf1742fb9dadfea7d3a92e31		LOAD	false		false	false	label		UNKNOWN	NONE	NONE	SERVICE_VERSION_00000000000000000000000000000000	PY_EXPRESSION_13c3dc6110d42150ff7f2c7f9e74494e
CALL	ATTRIBUTE_OBJECT	RETURN_VALUE	METHOD	PY_TYPE_29dbf7f364098ccee10a7f6219a69f40	PY_METHOD_e02a565ade91c49cb03c1e386163139b	PY_EXPRESSION_13c3dc6110d42150ff7f2c7f9e74494e	0	2		super	NONE	NONE		UNKNOWN				false	0	7	15	7	22	PY_SCOPE_5650478ce085143af2263dc943c35f1f	PY_MODULE_a33b8c4bbf1742fb9dadfea7d3a92e31		LOAD	false		false	false	super		UNKNOWN	NONE	NONE	SERVICE_VERSION_00000000000000000000000000000000	PY_EXPRESSION_487dbd1375818b1d53afc47334eb1fff
NAME_REFERENCE	CALLEE	RETURN_VALUE	METHOD	PY_TYPE_29dbf7f364098ccee10a7f6219a69f40	PY_METHOD_e02a565ade91c49cb03c1e386163139b	PY_EXPRESSION_487dbd1375818b1d53afc47334eb1fff	0	3		super	NONE	NONE		SUPER				false	0	7	15	7	20	PY_SCOPE_5650478ce085143af2263dc943c35f1f	PY_MODULE_a33b8c4bbf1742fb9dadfea7d3a92e31	PY_BINDING_37efbb8d75ad5e4d34dec18aeeb6ef09	LOAD	false		false	false			UNKNOWN	NONE	NONE	SERVICE_VERSION_00000000000000000000000000000000	PY_EXPRESSION_bab498dcb9117ce6ef95ae0941ac1f78
CALL	RETURN_VALUE	RETURN_VALUE	METHOD	PY_TYPE_29dbf7f364098ccee10a7f6219a69f40	PY_METHOD_a56a6fce5741378568dd2b27346561c1		0	0		label	NONE	NONE		UNKNOWN				false	0	10	15	10	27	PY_SCOPE_3996261f7ade2ec2e1efe64739152063	PY_MODULE_a33b8c4bbf1742fb9dadfea7d3a92e31		LOAD	false		false	false	self.label		UNKNOWN	NONE	NONE	SERVICE_VERSION_00000000000000000000000000000000	PY_EXPRESSION_84298cd5d5031275872298473a19f713
ATTRIBUTE_ACCESS	RECEIVER	RETURN_VALUE	METHOD	PY_TYPE_29dbf7f364098ccee10a7f6219a69f40	PY_METHOD_a56a6fce5741378568dd2b27346561c1	PY_EXPRESSION_84298cd5d5031275872298473a19f713	0	1		label	NONE	NONE		UNKNOWN				false	0	10	15	10	25	PY_SCOPE_3996261f7ade2ec2e1efe64739152063	PY_MODULE_a33b8c4bbf1742fb9dadfea7d3a92e31		LOAD	false		false	false	self.label		UNKNOWN	NONE	NONE	SERVICE_VERSION_00000000000000000000000000000000	PY_EXPRESSION_6af5096be21c3a4ff4854ae00ea75cf8
SELF_REFERENCE	ATTRIBUTE_OBJECT	RETURN_VALUE	METHOD	PY_TYPE_29dbf7f364098ccee10a7f6219a69f40	PY_METHOD_a56a6fce5741378568dd2b27346561c1	PY_EXPRESSION_6af5096be21c3a4ff4854ae00ea75cf8	0	2		self	NONE	NONE		SELF				false	0	10	15	10	19	PY_SCOPE_3996261f7ade2ec2e1efe64739152063	PY_MODULE_a33b8c4bbf1742fb9dadfea7d3a92e31	PY_BINDING_cc062484612a825d081b10417a483b57	LOAD	false		false	false			UNKNOWN	NONE	NONE	SERVICE_VERSION_00000000000000000000000000000000	PY_EXPRESSION_c560fde0a666ef887751d7bf59c2af22
CALL	RETURN_VALUE	RETURN_VALUE	METHOD	PY_TYPE_29dbf7f364098ccee10a7f6219a69f40	PY_METHOD_27201ffe00b332a089d5a921b841ce9e		0	0		count	NONE	NONE		UNKNOWN				false	0	13	15	13	27	PY_SCOPE_7d189af6271ee6e2aea0e4dbb34cc74f	PY_MODULE_a33b8c4bbf1742fb9dadfea7d3a92e31		LOAD	false		false	false	self.count		UNKNOWN	NONE	NONE	SERVICE_VERSION_00000000000000000000000000000000	PY_EXPRESSION_9eff430b5660c5f7a2d504ca9ce82e2d
ATTRIBUTE_ACCESS	RECEIVER	RETURN_VALUE	METHOD	PY_TYPE_29dbf7f364098ccee10a7f6219a69f40	PY_METHOD_27201ffe00b332a089d5a921b841ce9e	PY_EXPRESSION_9eff430b5660c5f7a2d504ca9ce82e2d	0	1		count	NONE	NONE		UNKNOWN				false	0	13	15	13	25	PY_SCOPE_7d189af6271ee6e2aea0e4dbb34cc74f	PY_MODULE_a33b8c4bbf1742fb9dadfea7d3a92e31		LOAD	false		false	false	self.count		UNKNOWN	NONE	NONE	SERVICE_VERSION_00000000000000000000000000000000	PY_EXPRESSION_0a41a9ea0c23a26c35e5347518d6f6f1
SELF_REFERENCE	ATTRIBUTE_OBJECT	RETURN_VALUE	METHOD	PY_TYPE_29dbf7f364098ccee10a7f6219a69f40	PY_METHOD_27201ffe00b332a089d5a921b841ce9e	PY_EXPRESSION_0a41a9ea0c23a26c35e5347518d6f6f1	0	2		self	NONE	NONE		SELF				false	0	13	15	13	19	PY_SCOPE_7d189af6271ee6e2aea0e4dbb34cc74f	PY_MODULE_a33b8c4bbf1742fb9dadfea7d3a92e31	PY_BINDING_34256744d3dd620b484ac8e4f3e28eea	LOAD	false		false	false			UNKNOWN	NONE	NONE	SERVICE_VERSION_00000000000000000000000000000000	PY_EXPRESSION_2bae5f3d18e963e6ab95ed35f9106282
NAME_REFERENCE	BASE_CLASS	BASE_CLASS_LIST	METHOD		PY_METHOD_c8156bf9dfbf065d0bf7b847ba5e38ef		0	0		Leaf	NONE	NONE		TYPE	PY_TYPE_f4b23e19ff1f7ecbd26ba8e655d8cd87			false		16	15	16	19	PY_SCOPE_5253c6980abebba734c188cf7d78e831	PY_MODULE_a33b8c4bbf1742fb9dadfea7d3a92e31	PY_BINDING_10a9afcadafc97c5856f17df4ec84b72	LOAD	false		false	false			UNKNOWN	NONE	NONE	SERVICE_VERSION_00000000000000000000000000000000	PY_EXPRESSION_3baacff8315f2735b3d22d8290350867
CALL	RETURN_VALUE	RETURN_VALUE	METHOD	PY_TYPE_fa48ec5ab50907cf209ac2b863a623cb	PY_METHOD_3a89c21de61d1b96655170f7c31ef7c6		0	0		label	NONE	NONE		UNKNOWN				false	0	18	15	18	30	PY_SCOPE_c38cbf2a309caf948f6650cd0d3b4286	PY_MODULE_a33b8c4bbf1742fb9dadfea7d3a92e31		LOAD	false		false	false	label		UNKNOWN	NONE	NONE	SERVICE_VERSION_00000000000000000000000000000000	PY_EXPRESSION_23b3ad35f457caf9277423ad6fa26d77
ATTRIBUTE_ACCESS	RECEIVER	RETURN_VALUE	METHOD	PY_TYPE_fa48ec5ab50907cf209ac2b863a623cb	PY_METHOD_3a89c21de61d1b96655170f7c31ef7c6	PY_EXPRESSION_23b3ad35f457caf9277423ad6fa26d77	0	1		label	NONE	NONE		UNKNOWN				false	0	18	15	18	28	PY_SCOPE_c38cbf2a309caf948f6650cd0d3b4286	PY_MODULE_a33b8c4bbf1742fb9dadfea7d3a92e31		LOAD	false		false	false	label		UNKNOWN	NONE	NONE	SERVICE_VERSION_00000000000000000000000000000000	PY_EXPRESSION_12ff3710f3947f62623d46a74e71f1b0
CALL	ATTRIBUTE_OBJECT	RETURN_VALUE	METHOD	PY_TYPE_fa48ec5ab50907cf209ac2b863a623cb	PY_METHOD_3a89c21de61d1b96655170f7c31ef7c6	PY_EXPRESSION_12ff3710f3947f62623d46a74e71f1b0	0	2		super	NONE	NONE		UNKNOWN				false	0	18	15	18	22	PY_SCOPE_c38cbf2a309caf948f6650cd0d3b4286	PY_MODULE_a33b8c4bbf1742fb9dadfea7d3a92e31		LOAD	false		false	false	super		UNKNOWN	NONE	NONE	SERVICE_VERSION_00000000000000000000000000000000	PY_EXPRESSION_a215f2806d980102439a987fd0d6b682
NAME_REFERENCE	CALLEE	RETURN_VALUE	METHOD	PY_TYPE_fa48ec5ab50907cf209ac2b863a623cb	PY_METHOD_3a89c21de61d1b96655170f7c31ef7c6	PY_EXPRESSION_a215f2806d980102439a987fd0d6b682	0	3		super	NONE	NONE		SUPER				false	0	18	15	18	20	PY_SCOPE_c38cbf2a309caf948f6650cd0d3b4286	PY_MODULE_a33b8c4bbf1742fb9dadfea7d3a92e31	PY_BINDING_642612143d55ed1f34fa6782c3338eec	LOAD	false		false	false			UNKNOWN	NONE	NONE	SERVICE_VERSION_00000000000000000000000000000000	PY_EXPRESSION_284370bbacf26e1f396fb51edd88f4f9
