kind	order	filePath	startLine	endLine	startColumn	endColumn	nestingDepth	pyTypeLinkHash	methodOwnerHash	parentContainerHash	tryStatementHash	resourceCount	caughtExceptionTypes	ownerTypeName	ownerQualifiedName	ownerMethodName	pyScopeLinkHash	pyModuleLinkHash	conditionExpressionLinkHash	conditionText	exceptTargetName	hasElseClause	isModuleLevel	isTypeCheckingGuard	serviceVersionLinkHash	pyBlockUniqueHash
MODULE_BODY	0	core/__init__.py	1	2	0	0	0		PY_METHOD_1ec9dd6cff96c8d149e5e988044c5acd	PY_MODULE_933b805b0d496400952bb195a87ddcc4					core	<module>	PY_SCOPE_295594e03a9a1a16619070d1ea44e657	PY_MODULE_933b805b0d496400952bb195a87ddcc4				false	true	false	SERVICE_VERSION_00000000000000000000000000000000	PY_BLOCK_ef744f45bb9696b792aaf47d02882ec6
MODULE_BODY	0	core/base.py	1	45	0	0	0		PY_METHOD_22330a12005374ea1b1705c24d3d9eab	PY_MODULE_d28fbce0a513abfa51b88ad6db6d82df					core.base	<module>	PY_SCOPE_3c613edd29e908501e094287155dad00	PY_MODULE_d28fbce0a513abfa51b88ad6db6d82df				false	true	false	SERVICE_VERSION_00000000000000000000000000000000	PY_BLOCK_fe2d79b10876162eef445d10a879852b
CLASS_BODY	1	core/base.py	5	17	4	33	1	PY_TYPE_325d8fd0ba3a48883f5b1bd661d4bef1	PY_METHOD_881521ebf6b0e5f6e1118eadd845367d	PY_BLOCK_fe2d79b10876162eef445d10a879852b				Node	core.base.Node	<classbody>	PY_SCOPE_b80d4d2eee187fba971c40495fe6afc1	PY_MODULE_d28fbce0a513abfa51b88ad6db6d82df				false	false	false	SERVICE_VERSION_00000000000000000000000000000000	PY_BLOCK_ac4c6a56438d826ad555eed7f9f016f8
FUNCTION_BODY	2	core/base.py	6	7	8	26	2	PY_TYPE_325d8fd0ba3a48883f5b1bd661d4bef1	PY_METHOD_1d96ee91a2da9f3d4ed85847fa8e0e95	PY_BLOCK_ac4c6a56438d826ad555eed7f9f016f8				Node	core.base.Node	__init__	PY_SCOPE_a5563037b650c206f59fdac34d53e9a9	PY_MODULE_d28fbce0a513abfa51b88ad6db6d82df				false	false	false	SERVICE_VERSION_00000000000000000000000000000000	PY_BLOCK_c167ecb6b91e330720aebf0586fb88db
FUNCTION_BODY	3	core/base.py	10	10	8	24	2	PY_TYPE_325d8fd0ba3a48883f5b1bd661d4bef1	PY_METHOD_ce30c205d081a607b8a765e37d66ba71	PY_BLOCK_ac4c6a56438d826ad555eed7f9f016f8				Node	core.base.Node	label	PY_SCOPE_be4552bc039e00d676c093564b9e05dd	PY_MODULE_d28fbce0a513abfa51b88ad6db6d82df				false	false	false	SERVICE_VERSION_00000000000000000000000000000000	PY_BLOCK_f3548c2b58bfe03a15e5574b9381fa4b
FUNCTION_BODY	4	core/base.py	13	14	8	19	2	PY_TYPE_325d8fd0ba3a48883f5b1bd661d4bef1	PY_METHOD_884b206c00df93e05093f97d602c9a91	PY_BLOCK_ac4c6a56438d826ad555eed7f9f016f8				Node	core.base.Node	add	PY_SCOPE_b321497c2a5f55c35c4bbf6d5321a12e	PY_MODULE_d28fbce0a513abfa51b88ad6db6d82df				false	false	false	SERVICE_VERSION_00000000000000000000000000000000	PY_BLOCK_68a44e62955be84587e36f67e6a5b33c
FUNCTION_BODY	5	core/base.py	17	17	8	33	2	PY_TYPE_325d8fd0ba3a48883f5b1bd661d4bef1	PY_METHOD_a5d67d36658ce980f455c0e1aa2174d5	PY_BLOCK_ac4c6a56438d826ad555eed7f9f016f8				Node	core.base.Node	count	PY_SCOPE_1dcd4a86edeee12836f333d25b882507	PY_MODULE_d28fbce0a513abfa51b88ad6db6d82df				false	false	false	SERVICE_VERSION_00000000000000000000000000000000	PY_BLOCK_65edd9d615d96043cf705d2194d9059f
CLASS_BODY	6	core/base.py	21	23	4	30	1	PY_TYPE_f4b23e19ff1f7ecbd26ba8e655d8cd87	PY_METHOD_78c79dc4d8ae19b87bc29a8f14f92bd7	PY_BLOCK_fe2d79b10876162eef445d10a879852b				Leaf	core.base.Leaf	<classbody>	PY_SCOPE_afe12fc9c7652fc5bc087d6581867ad6	PY_MODULE_d28fbce0a513abfa51b88ad6db6d82df				false	false	false	SERVICE_VERSION_00000000000000000000000000000000	PY_BLOCK_e2de1054500d522767726fa7508c5c4d
FUNCTION_BODY	7	core/base.py	23	23	8	30	2	PY_TYPE_f4b23e19ff1f7ecbd26ba8e655d8cd87	PY_METHOD_bcb7bfeecc00029ab553d1d400750db1	PY_BLOCK_e2de1054500d522767726fa7508c5c4d				Leaf	core.base.Leaf	label	PY_SCOPE_e8aef099a3e04f4d2accb59b99b37a86	PY_MODULE_d28fbce0a513abfa51b88ad6db6d82df				false	false	false	SERVICE_VERSION_00000000000000000000000000000000	PY_BLOCK_45156337756915d922a24bd198c00073
CLASS_BODY	8	core/base.py	27	35	4	28	1	PY_TYPE_7d051928cdce6f2d1d3846fed8c732d7	PY_METHOD_0e615a9d7cefd3dd877ab22523d475c4	PY_BLOCK_fe2d79b10876162eef445d10a879852b				Registry	core.base.Registry	<classbody>	PY_SCOPE_04e7d16bbc63d31d0caca7089900b4dd	PY_MODULE_d28fbce0a513abfa51b88ad6db6d82df				false	false	false	SERVICE_VERSION_00000000000000000000000000000000	PY_BLOCK_91f2e4c5b47bc50656c16ed565f761d0
FUNCTION_BODY	9	core/base.py	28	28	8	23	2	PY_TYPE_7d051928cdce6f2d1d3846fed8c732d7	PY_METHOD_29d34dde40fdbda38d1b7a232f746c70	PY_BLOCK_91f2e4c5b47bc50656c16ed565f761d0				Registry	core.base.Registry	__init__	PY_SCOPE_7e913642935d739f9d5960a079855c85	PY_MODULE_d28fbce0a513abfa51b88ad6db6d82df				false	false	false	SERVICE_VERSION_00000000000000000000000000000000	PY_BLOCK_6ff4481b6134bb596436407477edc69b
FUNCTION_BODY	10	core/base.py	31	32	8	19	2	PY_TYPE_7d051928cdce6f2d1d3846fed8c732d7	PY_METHOD_fb122cdd681d1886b28ba6a5367477ce	PY_BLOCK_91f2e4c5b47bc50656c16ed565f761d0				Registry	core.base.Registry	store	PY_SCOPE_bdc4ac8c7b82a4f46bb55f07816f51ed	PY_MODULE_d28fbce0a513abfa51b88ad6db6d82df				false	false	false	SERVICE_VERSION_00000000000000000000000000000000	PY_BLOCK_f68e137dfc4ae320a2aa6f6add29fcfd
FUNCTION_BODY	11	core/base.py	35	35	8	28	2	PY_TYPE_7d051928cdce6f2d1d3846fed8c732d7	PY_METHOD_7c5ffd94d87c21c27acde611d6418fe4	PY_BLOCK_91f2e4c5b47bc50656c16ed565f761d0				Registry	core.base.Registry	first	PY_SCOPE_4d05adea79b3e9d4c2a24fac1cd24639	PY_MODULE_d28fbce0a513abfa51b88ad6db6d82df				false	false	false	SERVICE_VERSION_00000000000000000000000000000000	PY_BLOCK_528e2c1739a3b951e41838c0d11ccb31
FUNCTION_BODY	12	core/base.py	39	40	4	21	1		PY_METHOD_7d2d6b1fcbe9f06e17ea6be3ea44f4cd	PY_BLOCK_fe2d79b10876162eef445d10a879852b					core.base	make_node	PY_SCOPE_dbb631c5ec7046decc74f319dd5878c6	PY_MODULE_d28fbce0a513abfa51b88ad6db6d82df				false	false	false	SERVICE_VERSION_00000000000000000000000000000000	PY_BLOCK_fb9c6e275c1d33a358b5aff7f553ea40
FUNCTION_BODY	13	core/base.py	44	44	4	21	1		PY_METHOD_de5e770015d0865e8824f96caa557604	PY_BLOCK_fe2d79b10876162eef445d10a879852b					core.base	make_registry	PY_SCOPE_976056fc81d098e7510456c8707358f0	PY_MODULE_d28fbce0a513abfa51b88ad6db6d82df				false	false	false	SERVICE_VERSION_00000000000000000000000000000000	PY_BLOCK_d8159cd8ac900b53d487b725c483db33
MODULE_BODY	0	core/factory.py	1	30	0	0	0		PY_METHOD_ab5cc7a30b6043be518aff1866d5e976	PY_MODULE_6f13b60b719c68df32c58e7656b90f51					core.factory	<module>	PY_SCOPE_1a66b4df14c55812e96bca2cde6ce7be	PY_MODULE_6f13b60b719c68df32c58e7656b90f51				false	true	false	SERVICE_VERSION_00000000000000000000000000000000	PY_BLOCK_fed79541de04c0b6c4f0273f4e4d2fb6
CLASS_BODY	1	core/factory.py	6	23	4	32	1	PY_TYPE_d5e01e41b5870f04c772d5d26d0912a3	PY_METHOD_4761617a13024d7e5d2f4cddd8c63564	PY_BLOCK_fed79541de04c0b6c4f0273f4e4d2fb6				Builder	core.factory.Builder	<classbody>	PY_SCOPE_872cde7e4bd17ab3b8bc1e061ffb847c	PY_MODULE_6f13b60b719c68df32c58e7656b90f51				false	false	false	SERVICE_VERSION_00000000000000000000000000000000	PY_BLOCK_07d3ea1da3479ffe2c640c0f3380d1d1
FUNCTION_BODY	2	core/factory.py	11	11	8	24	2	PY_TYPE_d5e01e41b5870f04c772d5d26d0912a3	PY_METHOD_008a95de6c3dc8d4be3d2f07363743dc	PY_BLOCK_07d3ea1da3479ffe2c640c0f3380d1d1				Builder	core.factory.Builder	of	PY_SCOPE_e95f427b0f6858c36213854312ff6528	PY_MODULE_6f13b60b719c68df32c58e7656b90f51				false	false	false	SERVICE_VERSION_00000000000000000000000000000000	PY_BLOCK_aab0786d4750ae3ffb4c975dc1a601ea
FUNCTION_BODY	3	core/factory.py	15	15	8	32	2	PY_TYPE_d5e01e41b5870f04c772d5d26d0912a3	PY_METHOD_735371219289ab8d6688fce54c3902f5	PY_BLOCK_07d3ea1da3479ffe2c640c0f3380d1d1				Builder	core.factory.Builder	make_default	PY_SCOPE_02db559850d7bfcf6bda8c2a9d135e95	PY_MODULE_6f13b60b719c68df32c58e7656b90f51				false	false	false	SERVICE_VERSION_00000000000000000000000000000000	PY_BLOCK_9afff510360106a35f2111f0812c11b9
FUNCTION_BODY	4	core/factory.py	18	19	8	30	2	PY_TYPE_d5e01e41b5870f04c772d5d26d0912a3	PY_METHOD_ddf199e958543cb835d700a3097fe194	PY_BLOCK_07d3ea1da3479ffe2c640c0f3380d1d1				Builder	core.factory.Builder	__init__	PY_SCOPE_970188142bdbee7518a61e5cddc287e2	PY_MODULE_6f13b60b719c68df32c58e7656b90f51				false	false	false	SERVICE_VERSION_00000000000000000000000000000000	PY_BLOCK_979618dcc5d7376aad2490ed35b64e4f
FUNCTION_BODY	5	core/factory.py	23	23	8	32	2	PY_TYPE_d5e01e41b5870f04c772d5d26d0912a3	PY_METHOD_4e91b430ca727895aa1cd3776fc03e54	PY_BLOCK_07d3ea1da3479ffe2c640c0f3380d1d1				Builder	core.factory.Builder	build	PY_SCOPE_d4a546f62e9bdfe27fe752c3a360636a	PY_MODULE_6f13b60b719c68df32c58e7656b90f51				false	false	false	SERVICE_VERSION_00000000000000000000000000000000	PY_BLOCK_a6729476ecdece5743792dad77b1d22d
CLASS_BODY	6	core/factory.py	27	29	4	47	1	PY_TYPE_0e60d2b02fb0b1a9548951707ae23860	PY_METHOD_862d2b5b9ea8efef837ee3c61537a622	PY_BLOCK_fed79541de04c0b6c4f0273f4e4d2fb6				TypedBuilder	core.factory.TypedBuilder	<classbody>	PY_SCOPE_606e6a856ac765bd78cfdfdc6f5c1df8	PY_MODULE_6f13b60b719c68df32c58e7656b90f51				false	false	false	SERVICE_VERSION_00000000000000000000000000000000	PY_BLOCK_9277efaf31c6ef9c195965473589962a
FUNCTION_BODY	7	core/factory.py	29	29	8	47	2	PY_TYPE_0e60d2b02fb0b1a9548951707ae23860	PY_METHOD_5a09ae9b62212b370ffe2ccd419cd026	PY_BLOCK_9277efaf31c6ef9c195965473589962a				TypedBuilder	core.factory.TypedBuilder	build	PY_SCOPE_344696e07e745ee4ea6927e6867287f5	PY_MODULE_6f13b60b719c68df32c58e7656b90f51				false	false	false	SERVICE_VERSION_00000000000000000000000000000000	PY_BLOCK_6b8d72d253e8565aa4bfe3ac4cf9c128
MODULE_BODY	0	services/__init__.py	1	1	0	0	0		PY_METHOD_9dedf4dcb1b93993e7b0923a4b22c76f	PY_MODULE_79f94e1feca2b14402365d6b037aa2b0					services	<module>	PY_SCOPE_6b50777482245a1a4d12a9c4e1e842f9	PY_MODULE_79f94e1feca2b14402365d6b037aa2b0				false	true	false	SERVICE_VERSION_00000000000000000000000000000000	PY_BLOCK_527b2c5010b4202ad5ef99ba5538888e
MODULE_BODY	0	services/consumer.py	1	50	0	0	0		PY_METHOD_d8fafed7f87f116a2e1781226cd15529	PY_MODULE_774333793bea69d5a3272a3a6a444e6f					services.consumer	<module>	PY_SCOPE_0bf43928df02f343fb410edc300b2bbf	PY_MODULE_774333793bea69d5a3272a3a6a444e6f				false	true	false	SERVICE_VERSION_00000000000000000000000000000000	PY_BLOCK_3fca2c8805cf2fa273943c7b00b5f433
FUNCTION_BODY	1	services/consumer.py	11	12	4	23	1		PY_METHOD_a2047fc142658e71bc0922b866956fee	PY_BLOCK_3fca2c8805cf2fa273943c7b00b5f433					services.consumer	local_from_constructor	PY_SCOPE_129c3ab2026fb54aa84df8615a07722c	PY_MODULE_774333793bea69d5a3272a3a6a444e6f				false	false	false	SERVICE_VERSION_00000000000000000000000000000000	PY_BLOCK_528e624cd2f92a0ff5a3292803d80b3a
FUNCTION_BODY	2	services/consumer.py	16	17	4	23	1		PY_METHOD_0f9364c1f0cad2d880d4d26bc85e801e	PY_BLOCK_3fca2c8805cf2fa273943c7b00b5f433					services.consumer	local_from_module_function	PY_SCOPE_d0317c3794a8d1b8b2b61d2be68d3d7f	PY_MODULE_774333793bea69d5a3272a3a6a444e6f				false	false	false	SERVICE_VERSION_00000000000000000000000000000000	PY_BLOCK_6dd8f54169a10045cb0ac2c57a75d608
FUNCTION_BODY	3	services/consumer.py	21	22	4	26	1		PY_METHOD_f33c64fd920235565cc59cec041d80cc	PY_BLOCK_3fca2c8805cf2fa273943c7b00b5f433					services.consumer	local_from_classmethod	PY_SCOPE_44274049ced0d3ff8f3f7ddd402b4d54	PY_MODULE_774333793bea69d5a3272a3a6a444e6f				false	false	false	SERVICE_VERSION_00000000000000000000000000000000	PY_BLOCK_5c7c282c5533d47b7c71e147bdcfd0e3
FUNCTION_BODY	4	services/consumer.py	26	28	4	23	1		PY_METHOD_e4869dc8c57fbd22abd3fb43f6b7c899	PY_BLOCK_3fca2c8805cf2fa273943c7b00b5f433					services.consumer	local_reassigned_same_type	PY_SCOPE_82fbe6070bd079b52c30666f54b90851	PY_MODULE_774333793bea69d5a3272a3a6a444e6f				false	false	false	SERVICE_VERSION_00000000000000000000000000000000	PY_BLOCK_d2731f4a1af4f34772a295f7b3b30486
FUNCTION_BODY	5	services/consumer.py	32	34	4	62	1		PY_METHOD_23d191e47abf73ad0654887b883f6a0c	PY_BLOCK_3fca2c8805cf2fa273943c7b00b5f433					services.consumer	local_chain	PY_SCOPE_a8c96ec79443474cdeeba217a92f7d09	PY_MODULE_774333793bea69d5a3272a3a6a444e6f				false	false	false	SERVICE_VERSION_00000000000000000000000000000000	PY_BLOCK_f1963cd2098af69a1f8d5c6937c5ca8c
FUNCTION_BODY	6	services/consumer.py	38	39	4	50	1		PY_METHOD_9bfe8291c74f01115a62c5a09438cd61	PY_BLOCK_3fca2c8805cf2fa273943c7b00b5f433					services.consumer	local_passed_as_argument	PY_SCOPE_82992e5329b24ebb7683a2a334e52b2b	PY_MODULE_774333793bea69d5a3272a3a6a444e6f				false	false	false	SERVICE_VERSION_00000000000000000000000000000000	PY_BLOCK_6b0738616a8f044bc6f9740552ead5ee
FUNCTION_BODY	7	services/consumer.py	43	44	4	23	1		PY_METHOD_1ee49da1b04115f4f920851320ae83f0	PY_BLOCK_3fca2c8805cf2fa273943c7b00b5f433					services.consumer	consume	PY_SCOPE_d0ea1468c5ed07eba87ffa5bc60cc3c3	PY_MODULE_774333793bea69d5a3272a3a6a444e6f				false	false	false	SERVICE_VERSION_00000000000000000000000000000000	PY_BLOCK_128f8be68a5effd0aa30771c6c97ed90
FUNCTION_BODY	8	services/consumer.py	48	49	4	46	1		PY_METHOD_c9011abaa6f762260b60df3c7a4a5383	PY_BLOCK_3fca2c8805cf2fa273943c7b00b5f433					services.consumer	attribute_chain_depth_three	PY_SCOPE_4747c972dbab74c929b2e8645e086da9	PY_MODULE_774333793bea69d5a3272a3a6a444e6f				false	false	false	SERVICE_VERSION_00000000000000000000000000000000	PY_BLOCK_a3fbe4435a1d84353ecdf8caf186b407
MODULE_BODY	0	services/inheritance.py	1	19	0	0	0		PY_METHOD_c8156bf9dfbf065d0bf7b847ba5e38ef	PY_MODULE_a33b8c4bbf1742fb9dadfea7d3a92e31					services.inheritance	<module>	PY_SCOPE_5253c6980abebba734c188cf7d78e831	PY_MODULE_a33b8c4bbf1742fb9dadfea7d3a92e31				false	true	false	SERVICE_VERSION_00000000000000000000000000000000	PY_BLOCK_e480b95a7dde7a03aa7eb9213f1d12e5
CLASS_BODY	1	services/inheritance.py	6	13	4	66	1	PY_TYPE_29dbf7f364098ccee10a7f6219a69f40	PY_METHOD_b69f4f1e2470a18d8544accb6c58c9f7	PY_BLOCK_e480b95a7dde7a03aa7eb9213f1d12e5				Tagged	services.inheritance.Tagged	<classbody>	PY_SCOPE_6a879cd3c1e1a8f94d51f0704a3941c7	PY_MODULE_a33b8c4bbf1742fb9dadfea7d3a92e31				false	false	false	SERVICE_VERSION_00000000000000000000000000000000	PY_BLOCK_e27ae9ab513ac2d7cb90e451bf936b45
FUNCTION_BODY	2	services/inheritance.py	7	7	8	57	2	PY_TYPE_29dbf7f364098ccee10a7f6219a69f40	PY_METHOD_e02a565ade91c49cb03c1e386163139b	PY_BLOCK_e27ae9ab513ac2d7cb90e451bf936b45				Tagged	services.inheritance.Tagged	label	PY_SCOPE_5650478ce085143af2263dc943c35f1f	PY_MODULE_a33b8c4bbf1742fb9dadfea7d3a92e31				false	false	false	SERVICE_VERSION_00000000000000000000000000000000	PY_BLOCK_7e52ab98d840e2c941a8f5acf725eb9e
FUNCTION_BODY	3	services/inheritance.py	10	10	8	75	2	PY_TYPE_29dbf7f364098ccee10a7f6219a69f40	PY_METHOD_a56a6fce5741378568dd2b27346561c1	PY_BLOCK_e27ae9ab513ac2d7cb90e451bf936b45				Tagged	services.inheritance.Tagged	describe	PY_SCOPE_3996261f7ade2ec2e1efe64739152063	PY_MODULE_a33b8c4bbf1742fb9dadfea7d3a92e31				false	false	false	SERVICE_VERSION_00000000000000000000000000000000	PY_BLOCK_dd5f62929a3865531b93940b8ca14a8e
FUNCTION_BODY	4	services/inheritance.py	13	13	8	66	2	PY_TYPE_29dbf7f364098ccee10a7f6219a69f40	PY_METHOD_27201ffe00b332a089d5a921b841ce9e	PY_BLOCK_e27ae9ab513ac2d7cb90e451bf936b45				Tagged	services.inheritance.Tagged	total	PY_SCOPE_7d189af6271ee6e2aea0e4dbb34cc74f	PY_MODULE_a33b8c4bbf1742fb9dadfea7d3a92e31				false	false	false	SERVICE_VERSION_00000000000000000000000000000000	PY_BLOCK_8b9b1bc93b0ace1df66e2ffe395348d7
CLASS_BODY	5	services/inheritance.py	17	18	4	71	1	PY_TYPE_fa48ec5ab50907cf209ac2b863a623cb	PY_METHOD_d7fd8d0399a1a15b6f0c91093d68df84	PY_BLOCK_e480b95a7dde7a03aa7eb9213f1d12e5				DeepLeaf	services.inheritance.DeepLeaf	<classbody>	PY_SCOPE_eca242d6b6cb31d3fd5a6846e682903f	PY_MODULE_a33b8c4bbf1742fb9dadfea7d3a92e31				false	false	false	SERVICE_VERSION_00000000000000000000000000000000	PY_BLOCK_194b3f61426211d8151c9dac90fbcd5a
FUNCTION_BODY	6	services/inheritance.py	18	18	8	71	2	PY_TYPE_fa48ec5ab50907cf209ac2b863a623cb	PY_METHOD_3a89c21de61d1b96655170f7c31ef7c6	PY_BLOCK_194b3f61426211d8151c9dac90fbcd5a				DeepLeaf	services.inheritance.DeepLeaf	label	PY_SCOPE_c38cbf2a309caf948f6650cd0d3b4286	PY_MODULE_a33b8c4bbf1742fb9dadfea7d3a92e31				false	false	false	SERVICE_VERSION_00000000000000000000000000000000	PY_BLOCK_92d68266814baf70983d822f5192b332
