scopeKind	name	qualifiedName	nestingDepth	parentScopeLinkHash	pyModuleLinkHash	ownerKind	ownerHash	isNested	isOptimized	hasChildren	symtableId	usesWildcardImport	isGenerator	isCoroutine	declaresGlobal	declaresNonlocal	filePath	startLine	startColumn	endLine	endColumn	scopeOrdinal	serviceVersionLinkHash	pyScopeUniqueHash
MODULE	top	core	0		PY_MODULE_933b805b0d496400952bb195a87ddcc4	MODULE	PY_MODULE_933b805b0d496400952bb195a87ddcc4	false	false	false	0	false	false	false	false	false	core/__init__.py	0	0	2	0	0	SERVICE_VERSION_00000000000000000000000000000000	PY_SCOPE_295594e03a9a1a16619070d1ea44e657
MODULE	top	core.base	0		PY_MODULE_d28fbce0a513abfa51b88ad6db6d82df	MODULE	PY_MODULE_d28fbce0a513abfa51b88ad6db6d82df	false	false	true	0	false	false	false	false	false	core/base.py	0	0	45	0	0	SERVICE_VERSION_00000000000000000000000000000000	PY_SCOPE_3c613edd29e908501e094287155dad00
CLASS	Node	core.base.Node	1	PY_SCOPE_3c613edd29e908501e094287155dad00	PY_MODULE_d28fbce0a513abfa51b88ad6db6d82df	TYPE	PY_TYPE_325d8fd0ba3a48883f5b1bd661d4bef1	false	false	true	1	false	false	false	false	false	core/base.py	4	0	17	33	0	SERVICE_VERSION_00000000000000000000000000000000	PY_SCOPE_b80d4d2eee187fba971c40495fe6afc1
FUNCTION	__init__	core.base.Node.__init__	2	PY_SCOPE_b80d4d2eee187fba971c40495fe6afc1	PY_MODULE_d28fbce0a513abfa51b88ad6db6d82df	METHOD	PY_METHOD_1d96ee91a2da9f3d4ed85847fa8e0e95	false	true	false	2	false	false	false	false	false	core/base.py	5	4	7	26	0	SERVICE_VERSION_00000000000000000000000000000000	PY_SCOPE_a5563037b650c206f59fdac34d53e9a9
FUNCTION	label	core.base.Node.label	2	PY_SCOPE_b80d4d2eee187fba971c40495fe6afc1	PY_MODULE_d28fbce0a513abfa51b88ad6db6d82df	METHOD	PY_METHOD_ce30c205d081a607b8a765e37d66ba71	false	true	false	3	false	false	false	false	false	core/base.py	9	4	10	24	1	SERVICE_VERSION_00000000000000000000000000000000	PY_SCOPE_be4552bc039e00d676c093564b9e05dd
FUNCTION	add	core.base.Node.add	2	PY_SCOPE_b80d4d2eee187fba971c40495fe6afc1	PY_MODULE_d28fbce0a513abfa51b88ad6db6d82df	METHOD	PY_METHOD_884b206c00df93e05093f97d602c9a91	false	true	false	4	false	false	false	false	false	core/base.py	12	4	14	19	2	SERVICE_VERSION_00000000000000000000000000000000	PY_SCOPE_b321497c2a5f55c35c4bbf6d5321a12e
FUNCTION	count	core.base.Node.count	2	PY_SCOPE_b80d4d2eee187fba971c40495fe6afc1	PY_MODULE_d28fbce0a513abfa51b88ad6db6d82df	METHOD	PY_METHOD_a5d67d36658ce980f455c0e1aa2174d5	false	true	false	5	false	false	false	false	false	core/base.py	16	4	17	33	3	SERVICE_VERSION_00000000000000000000000000000000	PY_SCOPE_1dcd4a86edeee12836f333d25b882507
CLASS	Leaf	core.base.Leaf	1	PY_SCOPE_3c613edd29e908501e094287155dad00	PY_MODULE_d28fbce0a513abfa51b88ad6db6d82df	TYPE	PY_TYPE_f4b23e19ff1f7ecbd26ba8e655d8cd87	false	false	true	6	false	false	false	false	false	core/base.py	20	0	23	30	1	SERVICE_VERSION_00000000000000000000000000000000	PY_SCOPE_afe12fc9c7652fc5bc087d6581867ad6
FUNCTION	label	core.base.Leaf.label	2	PY_SCOPE_afe12fc9c7652fc5bc087d6581867ad6	PY_MODULE_d28fbce0a513abfa51b88ad6db6d82df	METHOD	PY_METHOD_bcb7bfeecc00029ab553d1d400750db1	false	true	false	7	false	false	false	false	false	core/base.py	21	4	23	30	0	SERVICE_VERSION_00000000000000000000000000000000	PY_SCOPE_e8aef099a3e04f4d2accb59b99b37a86
CLASS	Registry	core.base.Registry	1	PY_SCOPE_3c613edd29e908501e094287155dad00	PY_MODULE_d28fbce0a513abfa51b88ad6db6d82df	TYPE	PY_TYPE_7d051928cdce6f2d1d3846fed8c732d7	false	false	true	8	false	false	false	false	false	core/base.py	26	0	35	28	2	SERVICE_VERSION_00000000000000000000000000000000	PY_SCOPE_04e7d16bbc63d31d0caca7089900b4dd
FUNCTION	__init__	core.base.Registry.__init__	2	PY_SCOPE_04e7d16bbc63d31d0caca7089900b4dd	PY_MODULE_d28fbce0a513abfa51b88ad6db6d82df	METHOD	PY_METHOD_29d34dde40fdbda38d1b7a232f746c70	false	true	false	9	false	false	false	false	false	core/base.py	27	4	28	23	0	SERVICE_VERSION_00000000000000000000000000000000	PY_SCOPE_7e913642935d739f9d5960a079855c85
FUNCTION	store	core.base.Registry.store	2	PY_SCOPE_04e7d16bbc63d31d0caca7089900b4dd	PY_MODULE_d28fbce0a513abfa51b88ad6db6d82df	METHOD	PY_METHOD_fb122cdd681d1886b28ba6a5367477ce	false	true	false	10	false	false	false	false	false	core/base.py	30	4	32	19	1	SERVICE_VERSION_00000000000000000000000000000000	PY_SCOPE_bdc4ac8c7b82a4f46bb55f07816f51ed
FUNCTION	first	core.base.Registry.first	2	PY_SCOPE_04e7d16bbc63d31d0caca7089900b4dd	PY_MODULE_d28fbce0a513abfa51b88ad6db6d82df	METHOD	PY_METHOD_7c5ffd94d87c21c27acde611d6418fe4	false	true	false	11	false	false	false	false	false	core/base.py	34	4	35	28	2	SERVICE_VERSION_00000000000000000000000000000000	PY_SCOPE_4d05adea79b3e9d4c2a24fac1cd24639
FUNCTION	make_node	core.base.make_node	1	PY_SCOPE_3c613edd29e908501e094287155dad00	PY_MODULE_d28fbce0a513abfa51b88ad6db6d82df	METHOD	PY_METHOD_7d2d6b1fcbe9f06e17ea6be3ea44f4cd	false	true	false	12	false	false	false	false	false	core/base.py	38	0	40	21	3	SERVICE_VERSION_00000000000000000000000000000000	PY_SCOPE_dbb631c5ec7046decc74f319dd5878c6
FUNCTION	make_registry	core.base.make_registry	1	PY_SCOPE_3c613edd29e908501e094287155dad00	PY_MODULE_d28fbce0a513abfa51b88ad6db6d82df	METHOD	PY_METHOD_de5e770015d0865e8824f96caa557604	false	true	false	13	false	false	false	false	false	core/base.py	43	0	44	21	4	SERVICE_VERSION_00000000000000000000000000000000	PY_SCOPE_976056fc81d098e7510456c8707358f0
MODULE	top	core.factory	0		PY_MODULE_6f13b60b719c68df32c58e7656b90f51	MODULE	PY_MODULE_6f13b60b719c68df32c58e7656b90f51	false	false	true	0	false	false	false	false	false	core/factory.py	0	0	30	0	0	SERVICE_VERSION_00000000000000000000000000000000	PY_SCOPE_1a66b4df14c55812e96bca2cde6ce7be
CLASS	Builder	core.factory.Builder	1	PY_SCOPE_1a66b4df14c55812e96bca2cde6ce7be	PY_MODULE_6f13b60b719c68df32c58e7656b90f51	TYPE	PY_TYPE_d5e01e41b5870f04c772d5d26d0912a3	false	false	true	1	false	false	false	false	false	core/factory.py	5	0	23	32	0	SERVICE_VERSION_00000000000000000000000000000000	PY_SCOPE_872cde7e4bd17ab3b8bc1e061ffb847c
FUNCTION	of	core.factory.Builder.of	2	PY_SCOPE_872cde7e4bd17ab3b8bc1e061ffb847c	PY_MODULE_6f13b60b719c68df32c58e7656b90f51	METHOD	PY_METHOD_008a95de6c3dc8d4be3d2f07363743dc	false	true	false	2	false	false	false	false	false	core/factory.py	9	4	11	24	0	SERVICE_VERSION_00000000000000000000000000000000	PY_SCOPE_e95f427b0f6858c36213854312ff6528
FUNCTION	make_default	core.factory.Builder.make_default	2	PY_SCOPE_872cde7e4bd17ab3b8bc1e061ffb847c	PY_MODULE_6f13b60b719c68df32c58e7656b90f51	METHOD	PY_METHOD_735371219289ab8d6688fce54c3902f5	false	true	false	3	false	false	false	false	false	core/factory.py	14	4	15	32	1	SERVICE_VERSION_00000000000000000000000000000000	PY_SCOPE_02db559850d7bfcf6bda8c2a9d135e95
FUNCTION	__init__	core.factory.Builder.__init__	2	PY_SCOPE_872cde7e4bd17ab3b8bc1e061ffb847c	PY_MODULE_6f13b60b719c68df32c58e7656b90f51	METHOD	PY_METHOD_ddf199e958543cb835d700a3097fe194	false	true	false	4	false	false	false	false	false	core/factory.py	17	4	19	30	2	SERVICE_VERSION_00000000000000000000000000000000	PY_SCOPE_970188142bdbee7518a61e5cddc287e2
FUNCTION	build	core.factory.Builder.build	2	PY_SCOPE_872cde7e4bd17ab3b8bc1e061ffb847c	PY_MODULE_6f13b60b719c68df32c58e7656b90f51	METHOD	PY_METHOD_4e91b430ca727895aa1cd3776fc03e54	false	true	false	5	false	false	false	false	false	core/factory.py	21	4	23	32	3	SERVICE_VERSION_00000000000000000000000000000000	PY_SCOPE_d4a546f62e9bdfe27fe752c3a360636a
CLASS	TypedBuilder	core.factory.TypedBuilder	1	PY_SCOPE_1a66b4df14c55812e96bca2cde6ce7be	PY_MODULE_6f13b60b719c68df32c58e7656b90f51	TYPE	PY_TYPE_0e60d2b02fb0b1a9548951707ae23860	false	false	true	6	false	false	false	false	false	core/factory.py	26	0	29	47	1	SERVICE_VERSION_00000000000000000000000000000000	PY_SCOPE_606e6a856ac765bd78cfdfdc6f5c1df8
FUNCTION	build	core.factory.TypedBuilder.build	2	PY_SCOPE_606e6a856ac765bd78cfdfdc6f5c1df8	PY_MODULE_6f13b60b719c68df32c58e7656b90f51	METHOD	PY_METHOD_5a09ae9b62212b370ffe2ccd419cd026	false	true	false	7	false	false	false	false	false	core/factory.py	27	4	29	47	0	SERVICE_VERSION_00000000000000000000000000000000	PY_SCOPE_344696e07e745ee4ea6927e6867287f5
MODULE	top	services	0		PY_MODULE_79f94e1feca2b14402365d6b037aa2b0	MODULE	PY_MODULE_79f94e1feca2b14402365d6b037aa2b0	false	false	false	0	false	false	false	false	false	services/__init__.py	0	0	1	0	0	SERVICE_VERSION_00000000000000000000000000000000	PY_SCOPE_6b50777482245a1a4d12a9c4e1e842f9
MODULE	top	services.consumer	0		PY_MODULE_774333793bea69d5a3272a3a6a444e6f	MODULE	PY_MODULE_774333793bea69d5a3272a3a6a444e6f	false	false	true	0	false	false	false	false	false	services/consumer.py	0	0	50	0	0	SERVICE_VERSION_00000000000000000000000000000000	PY_SCOPE_0bf43928df02f343fb410edc300b2bbf
FUNCTION	local_from_constructor	services.consumer.local_from_constructor	1	PY_SCOPE_0bf43928df02f343fb410edc300b2bbf	PY_MODULE_774333793bea69d5a3272a3a6a444e6f	METHOD	PY_METHOD_a2047fc142658e71bc0922b866956fee	false	true	false	1	false	false	false	false	false	services/consumer.py	10	0	12	23	0	SERVICE_VERSION_00000000000000000000000000000000	PY_SCOPE_129c3ab2026fb54aa84df8615a07722c
FUNCTION	local_from_module_function	services.consumer.local_from_module_function	1	PY_SCOPE_0bf43928df02f343fb410edc300b2bbf	PY_MODULE_774333793bea69d5a3272a3a6a444e6f	METHOD	PY_METHOD_0f9364c1f0cad2d880d4d26bc85e801e	false	true	false	2	false	false	false	false	false	services/consumer.py	15	0	17	23	1	SERVICE_VERSION_00000000000000000000000000000000	PY_SCOPE_d0317c3794a8d1b8b2b61d2be68d3d7f
FUNCTION	local_from_classmethod	services.consumer.local_from_classmethod	1	PY_SCOPE_0bf43928df02f343fb410edc300b2bbf	PY_MODULE_774333793bea69d5a3272a3a6a444e6f	METHOD	PY_METHOD_f33c64fd920235565cc59cec041d80cc	false	true	false	3	false	false	false	false	false	services/consumer.py	20	0	22	26	2	SERVICE_VERSION_00000000000000000000000000000000	PY_SCOPE_44274049ced0d3ff8f3f7ddd402b4d54
FUNCTION	local_reassigned_same_type	services.consumer.local_reassigned_same_type	1	PY_SCOPE_0bf43928df02f343fb410edc300b2bbf	PY_MODULE_774333793bea69d5a3272a3a6a444e6f	METHOD	PY_METHOD_e4869dc8c57fbd22abd3fb43f6b7c899	false	true	false	4	false	false	false	false	false	services/consumer.py	25	0	28	23	3	SERVICE_VERSION_00000000000000000000000000000000	PY_SCOPE_82fbe6070bd079b52c30666f54b90851
FUNCTION	local_chain	services.consumer.local_chain	1	PY_SCOPE_0bf43928df02f343fb410edc300b2bbf	PY_MODULE_774333793bea69d5a3272a3a6a444e6f	METHOD	PY_METHOD_23d191e47abf73ad0654887b883f6a0c	false	true	false	5	false	false	false	false	false	services/consumer.py	31	0	34	62	4	SERVICE_VERSION_00000000000000000000000000000000	PY_SCOPE_a8c96ec79443474cdeeba217a92f7d09
FUNCTION	local_passed_as_argument	services.consumer.local_passed_as_argument	1	PY_SCOPE_0bf43928df02f343fb410edc300b2bbf	PY_MODULE_774333793bea69d5a3272a3a6a444e6f	METHOD	PY_METHOD_9bfe8291c74f01115a62c5a09438cd61	false	true	false	6	false	false	false	false	false	services/consumer.py	37	0	39	50	5	SERVICE_VERSION_00000000000000000000000000000000	PY_SCOPE_82992e5329b24ebb7683a2a334e52b2b
FUNCTION	consume	services.consumer.consume	1	PY_SCOPE_0bf43928df02f343fb410edc300b2bbf	PY_MODULE_774333793bea69d5a3272a3a6a444e6f	METHOD	PY_METHOD_1ee49da1b04115f4f920851320ae83f0	false	true	false	7	false	false	false	false	false	services/consumer.py	42	0	44	23	6	SERVICE_VERSION_00000000000000000000000000000000	PY_SCOPE_d0ea1468c5ed07eba87ffa5bc60cc3c3
FUNCTION	attribute_chain_depth_three	services.consumer.attribute_chain_depth_three	1	PY_SCOPE_0bf43928df02f343fb410edc300b2bbf	PY_MODULE_774333793bea69d5a3272a3a6a444e6f	METHOD	PY_METHOD_c9011abaa6f762260b60df3c7a4a5383	false	true	false	8	false	false	false	false	false	services/consumer.py	47	0	49	46	7	SERVICE_VERSION_00000000000000000000000000000000	PY_SCOPE_4747c972dbab74c929b2e8645e086da9
MODULE	top	services.inheritance	0		PY_MODULE_a33b8c4bbf1742fb9dadfea7d3a92e31	MODULE	PY_MODULE_a33b8c4bbf1742fb9dadfea7d3a92e31	false	false	true	0	false	false	false	false	false	services/inheritance.py	0	0	19	0	0	SERVICE_VERSION_00000000000000000000000000000000	PY_SCOPE_5253c6980abebba734c188cf7d78e831
CLASS	Tagged	services.inheritance.Tagged	1	PY_SCOPE_5253c6980abebba734c188cf7d78e831	PY_MODULE_a33b8c4bbf1742fb9dadfea7d3a92e31	TYPE	PY_TYPE_29dbf7f364098ccee10a7f6219a69f40	false	false	true	1	false	false	false	false	false	services/inheritance.py	5	0	13	66	0	SERVICE_VERSION_00000000000000000000000000000000	PY_SCOPE_6a879cd3c1e1a8f94d51f0704a3941c7
FUNCTION	label	services.inheritance.Tagged.label	2	PY_SCOPE_6a879cd3c1e1a8f94d51f0704a3941c7	PY_MODULE_a33b8c4bbf1742fb9dadfea7d3a92e31	METHOD	PY_METHOD_e02a565ade91c49cb03c1e386163139b	false	true	false	2	false	false	false	false	false	services/inheritance.py	6	4	7	57	0	SERVICE_VERSION_00000000000000000000000000000000	PY_SCOPE_5650478ce085143af2263dc943c35f1f
FUNCTION	describe	services.inheritance.Tagged.describe	2	PY_SCOPE_6a879cd3c1e1a8f94d51f0704a3941c7	PY_MODULE_a33b8c4bbf1742fb9dadfea7d3a92e31	METHOD	PY_METHOD_a56a6fce5741378568dd2b27346561c1	false	true	false	3	false	false	false	false	false	services/inheritance.py	9	4	10	75	1	SERVICE_VERSION_00000000000000000000000000000000	PY_SCOPE_3996261f7ade2ec2e1efe64739152063
FUNCTION	total	services.inheritance.Tagged.total	2	PY_SCOPE_6a879cd3c1e1a8f94d51f0704a3941c7	PY_MODULE_a33b8c4bbf1742fb9dadfea7d3a92e31	METHOD	PY_METHOD_27201ffe00b332a089d5a921b841ce9e	false	true	false	4	false	false	false	false	false	services/inheritance.py	12	4	13	66	2	SERVICE_VERSION_00000000000000000000000000000000	PY_SCOPE_7d189af6271ee6e2aea0e4dbb34cc74f
CLASS	DeepLeaf	services.inheritance.DeepLeaf	1	PY_SCOPE_5253c6980abebba734c188cf7d78e831	PY_MODULE_a33b8c4bbf1742fb9dadfea7d3a92e31	TYPE	PY_TYPE_fa48ec5ab50907cf209ac2b863a623cb	false	false	true	5	false	false	false	false	false	services/inheritance.py	16	0	18	71	1	SERVICE_VERSION_00000000000000000000000000000000	PY_SCOPE_eca242d6b6cb31d3fd5a6846e682903f
FUNCTION	label	services.inheritance.DeepLeaf.label	2	PY_SCOPE_eca242d6b6cb31d3fd5a6846e682903f	PY_MODULE_a33b8c4bbf1742fb9dadfea7d3a92e31	METHOD	PY_METHOD_3a89c21de61d1b96655170f7c31ef7c6	false	true	false	6	false	false	false	false	false	services/inheritance.py	17	4	18	71	0	SERVICE_VERSION_00000000000000000000000000000000	PY_SCOPE_c38cbf2a309caf948f6650cd0d3b4286
