pyTypeLinkHash	pyFieldLinkHash	position
PY_TYPE_89132fdbeb8e0dd6e92a9fd413a40f2a	PY_FIELD_0d5d91b9cb0bd65397e66f0f5c199946	0
PY_TYPE_89132fdbeb8e0dd6e92a9fd413a40f2a	PY_FIELD_dbaeb83d98c6fd788c6075589f932d23	1
PY_TYPE_89132fdbeb8e0dd6e92a9fd413a40f2a	PY_FIELD_68f18956f8ee7bad66d9804ab5889f99	2
PY_TYPE_954bd0ecfee39ac0c063e703d356e3a5	PY_FIELD_ab3bbe1f426645e2d667ba7354167a61	0
PY_TYPE_954bd0ecfee39ac0c063e703d356e3a5	PY_FIELD_5c2bff358e930a71a461f5f9e3bad5cc	1
PY_TYPE_9deedaea90d20e656e8c801aca75c5ee	PY_FIELD_72484fd7fc4f3a81247f2d05ad774490	0
PY_TYPE_9deedaea90d20e656e8c801aca75c5ee	PY_FIELD_a37c40e4ac03a77b2f77318ee54ed7f0	1
PY_TYPE_dff12876742058f9582b3f3848aa5392	PY_FIELD_e2ca0aa1879fcd8b6cce6dddbd0e3176	0
PY_TYPE_dff12876742058f9582b3f3848aa5392	PY_FIELD_50c11b3c186cfd3cd9b11c4b7a6b4f9f	1
PY_TYPE_dff12876742058f9582b3f3848aa5392	PY_FIELD_3856f82bca2e60b70ea23bea11d99100	2
PY_TYPE_dff12876742058f9582b3f3848aa5392	PY_FIELD_3589c15beb7d7e509fb9719546c503d3	3
PY_TYPE_160aee5ca584e3817b8783b4e148e2a8	PY_FIELD_2270811be1fe998c8f73306922746434	0
PY_TYPE_160aee5ca584e3817b8783b4e148e2a8	PY_FIELD_500ec2c584ef70fea5f9b50440d54689	1
PY_TYPE_65c006b7dc1da8d5b431a90353733207	PY_FIELD_3b2cb152f46c84bb0f430b9e30f6610b	0
PY_TYPE_da43161140a5bb188ac8c981c1e5649e	PY_FIELD_96e8fefc595fe00a14b6d0d80d3930c4	0
PY_TYPE_bd74adf854f8871ae083bf79ff6a67b9	PY_FIELD_0c26abeb768d28a75ccd0989677c9063	0
PY_TYPE_cae958ca255fa5164c7794954b62fdaa	PY_FIELD_3fc3aecef74603ad36271e369113bfc7	0
PY_TYPE_cae958ca255fa5164c7794954b62fdaa	PY_FIELD_bf0054fa3c616661ffc56ec886d9dcf6	1
PY_TYPE_e6f0886e1ee43ec949057e681defe894	PY_FIELD_fef4c0419d351f1f74d8fe2c1cce11bc	0
PY_TYPE_e6f0886e1ee43ec949057e681defe894	PY_FIELD_da4786f6733b5073f73fbe23c6222d40	1
PY_TYPE_e6f0886e1ee43ec949057e681defe894	PY_FIELD_1aa4c119e23cd1064c922a472f48d303	2
PY_TYPE_e6f0886e1ee43ec949057e681defe894	PY_FIELD_4f0a7463129599ae1011256b651662d1	3
PY_TYPE_e6f0886e1ee43ec949057e681defe894	PY_FIELD_a1f5dc4d7b2b57ebd24c9504d6372210	4
PY_TYPE_e6f0886e1ee43ec949057e681defe894	PY_FIELD_b801c81a3b7f9b236aba2e1e80a7c661	5
PY_TYPE_e6f0886e1ee43ec949057e681defe894	PY_FIELD_cbacd87985458dcb20c3af668f9f5d38	6
PY_TYPE_e8071789019fd5c244e78bd8d39766bd	PY_FIELD_9d3a4b151fbb6376c7b08b3632c0a093	0
PY_TYPE_e8071789019fd5c244e78bd8d39766bd	PY_FIELD_aa5c053e8cd4077d8f819b7ddc654e66	1
PY_TYPE_e8071789019fd5c244e78bd8d39766bd	PY_FIELD_195732441ba9c72f5f6337171eec2317	2
PY_TYPE_e8071789019fd5c244e78bd8d39766bd	PY_FIELD_0b9707a3bbdfebae30a106fd6e35f97d	3
PY_TYPE_e8071789019fd5c244e78bd8d39766bd	PY_FIELD_4cd4bf4fd0a21faa5cad4f5ac442913a	4
