paramName	position	pyMethodLinkHash	parameterBaseType	parameterTypeName	potentialQualifiedName	isAmbiguous	isFinal	isVarArgs	isReceiverParameter	startLine	endLine	paramKind	hasDefault	defaultValueText	defaultValueKind	isMutableDefault	annotationIsString	bindingLinkHash	pyExpressionLinkHash	serviceVersionLinkHash	pyMethodParameterUniqueHash
account	0	PY_METHOD_af1040c2eac14cc23c3bad2178f5641c				false	false	false	false	14	14	POSITIONAL_OR_KEYWORD	false		NONE	false	false	PY_BINDING_3b44b5bcea2c97df3af2637fc4157bce		SERVICE_VERSION_00000000000000000000000000000000	PY_METHOD_PARAMETER_bb5000963e22f6132bf1178ff32e6cc5
ledger	1	PY_METHOD_af1040c2eac14cc23c3bad2178f5641c				false	false	false	false	14	14	POSITIONAL_OR_KEYWORD	false		NONE	false	false	PY_BINDING_6a5c52fd4e5152fad7d870472c899017		SERVICE_VERSION_00000000000000000000000000000000	PY_METHOD_PARAMETER_d4bd2b34a6e9a40daadf71f278ad5ad7
note	2	PY_METHOD_af1040c2eac14cc23c3bad2178f5641c				false	false	false	false	14	14	POSITIONAL_OR_KEYWORD	true	None	NONE_LITERAL	false	false	PY_BINDING_43816376a6b9bdcb810f04d9f20ae790	PY_EXPRESSION_7057e407d2f86b357683f52e6cd1abb6	SERVICE_VERSION_00000000000000000000000000000000	PY_METHOD_PARAMETER_37bd9e1c6d11edf01e471fe66c11b3f4
args	0	PY_METHOD_12613e51da2b1c6140bd0d2d97a83705				false	false	true	false	19	19	VAR_POSITIONAL	false		NONE	false	false	PY_BINDING_f217ac40157f18def05dc6e100150147		SERVICE_VERSION_00000000000000000000000000000000	PY_METHOD_PARAMETER_6de9ad94d1fb1abb00fc999c4fea8188
kwargs	0	PY_METHOD_cea36a77e9c18f57b6d17929bc1bc873				false	false	false	false	25	25	VAR_KEYWORD	false		NONE	false	false	PY_BINDING_bfb433f1618feefc7648858f0acf7552		SERVICE_VERSION_00000000000000000000000000000000	PY_METHOD_PARAMETER_a233e204cd48acd0d1ce62537b93d77a
args	0	PY_METHOD_b3c80121fe8c4631c0606909c9ae24f2				false	false	true	false	29	29	VAR_POSITIONAL	false		NONE	false	false	PY_BINDING_80fd7541e66f3004f514c62fada7bc26		SERVICE_VERSION_00000000000000000000000000000000	PY_METHOD_PARAMETER_4bcf19d2b99fb218a1a796516098bc45
kwargs	1	PY_METHOD_b3c80121fe8c4631c0606909c9ae24f2				false	false	false	false	29	29	VAR_KEYWORD	false		NONE	false	false	PY_BINDING_413083350be5b43989362d5c1d141718		SERVICE_VERSION_00000000000000000000000000000000	PY_METHOD_PARAMETER_0d461453bfd6faff977053f766c1999e
account	0	PY_METHOD_5f51b71454110ce2111c8c1a81fe45dd				false	false	false	false	34	34	POSITIONAL_OR_KEYWORD	false		NONE	false	false	PY_BINDING_2fadc52a7909abb0f3a417ae33a0b4ed		SERVICE_VERSION_00000000000000000000000000000000	PY_METHOD_PARAMETER_4e5b54ba333a49c36c3ed9b47fd7b743
rest	1	PY_METHOD_5f51b71454110ce2111c8c1a81fe45dd				false	false	true	false	34	34	VAR_POSITIONAL	false		NONE	false	false	PY_BINDING_850a38e1bd19d2587cca00ff0a8ca2ff		SERVICE_VERSION_00000000000000000000000000000000	PY_METHOD_PARAMETER_4a3d5d4bd457d512cf7c880f24d5ec8d
account	0	PY_METHOD_72710bdb71caade98c6dd701237ccecb				false	false	false	false	39	39	POSITIONAL_OR_KEYWORD	false		NONE	false	false	PY_BINDING_9b52303b8fc20ab7a9ef1ada59267d46		SERVICE_VERSION_00000000000000000000000000000000	PY_METHOD_PARAMETER_25539e4cde79f6dd710d51420e4230ad
ledger	1	PY_METHOD_72710bdb71caade98c6dd701237ccecb				false	false	false	false	39	39	POSITIONAL_OR_KEYWORD	false		NONE	false	false	PY_BINDING_a857da1a205272e46bf18029a281c99c		SERVICE_VERSION_00000000000000000000000000000000	PY_METHOD_PARAMETER_133270536bbd99749ec24f5afa7bf965
accounts	0	PY_METHOD_4292c7c567ee3086f3a46288e25e1379				false	false	false	false	44	44	POSITIONAL_OR_KEYWORD	false		NONE	false	false	PY_BINDING_ea9e36800863e07b1c46cac1ccb4fd53		SERVICE_VERSION_00000000000000000000000000000000	PY_METHOD_PARAMETER_41add01221e47ab58f658e1cc54e6c3b
owner	0	PY_METHOD_8a98e879e2c694eb9197bff6e20af1b0				false	false	false	false	48	48	POSITIONAL_OR_KEYWORD	false		NONE	false	false	PY_BINDING_dd16b87cd7bc7b868a0e08d09642c90c		SERVICE_VERSION_00000000000000000000000000000000	PY_METHOD_PARAMETER_6fefe42ef245e1eb14c7809ec3b4bd78
account	0	PY_METHOD_ca6935fcd43cbae787fac2db38395296				false	false	false	false	16	16	POSITIONAL_OR_KEYWORD	false		NONE	false	false	PY_BINDING_756631dadff468d1ea8cb7a241c7d573		SERVICE_VERSION_00000000000000000000000000000000	PY_METHOD_PARAMETER_bc35eacceec673c03b03d22dbd873bfd
first	0	PY_METHOD_cb61ece167391d5e74b4da58d3005662				false	false	false	false	21	21	POSITIONAL_OR_KEYWORD	false		NONE	false	false	PY_BINDING_f286df8ac8d5ac5c25a0c6b8b941eb1e		SERVICE_VERSION_00000000000000000000000000000000	PY_METHOD_PARAMETER_a303fd9c1a957a668797c0b5ff27eccf
second	1	PY_METHOD_cb61ece167391d5e74b4da58d3005662				false	false	false	false	21	21	POSITIONAL_OR_KEYWORD	false		NONE	false	false	PY_BINDING_9f58d57e9db17edf2062fce9b9f9d2ea		SERVICE_VERSION_00000000000000000000000000000000	PY_METHOD_PARAMETER_25327814be236e6f9611a15002b1b7fe
	0	PY_METHOD_178f8ff53cb58e7c628d01c887a6eaf7				false	false	false	false	25	25	KEYWORD_ONLY_MARKER	false		NONE	false	false			SERVICE_VERSION_00000000000000000000000000000000	PY_METHOD_PARAMETER_018d0d56ea7a49f7f2864c542f86d613
account	1	PY_METHOD_178f8ff53cb58e7c628d01c887a6eaf7				false	false	false	false	25	25	KEYWORD_ONLY	false		NONE	false	false	PY_BINDING_f21f1c1f9c0732d4a4b2a420db943811		SERVICE_VERSION_00000000000000000000000000000000	PY_METHOD_PARAMETER_1ffd1bd474b0ed2d7c2edde1cea7c68c
ledger	2	PY_METHOD_178f8ff53cb58e7c628d01c887a6eaf7				false	false	false	false	25	25	KEYWORD_ONLY	false		NONE	false	false	PY_BINDING_1eaca344d7a523f3720500731796cda8		SERVICE_VERSION_00000000000000000000000000000000	PY_METHOD_PARAMETER_2e53d6d8cc0681fb42e5952ca451b152
account	0	PY_METHOD_8d89db55b3284af038c85942f3e43c94				false	false	false	false	32	32	POSITIONAL_OR_KEYWORD	false		NONE	false	false	PY_BINDING_4d8be620b4f60b3b542392ef83bb52b3		SERVICE_VERSION_00000000000000000000000000000000	PY_METHOD_PARAMETER_ee9f18acfde088f42c54562e5ec24fc2
factor	1	PY_METHOD_8d89db55b3284af038c85942f3e43c94				false	false	false	false	32	32	POSITIONAL_OR_KEYWORD	true	2	NUMBER	false	false	PY_BINDING_40ac873285cd54f220470cd413f5d171	PY_EXPRESSION_024583d9dcad5305e06ebc5332126bd1	SERVICE_VERSION_00000000000000000000000000000000	PY_METHOD_PARAMETER_e428ac2ae4c408db7ddcf25aacd23f90
ledger	0	PY_METHOD_b4d83dae449aacdb8b41d27cdda8ccc1				false	false	false	false	36	36	POSITIONAL_OR_KEYWORD	false		NONE	false	false	PY_BINDING_4072f5ab3228c6412f737be0b179bcd8		SERVICE_VERSION_00000000000000000000000000000000	PY_METHOD_PARAMETER_b31ddc3fcad2a19827727c97ac220879
account	1	PY_METHOD_b4d83dae449aacdb8b41d27cdda8ccc1				false	false	false	false	36	36	POSITIONAL_OR_KEYWORD	false		NONE	false	false	PY_BINDING_3d9562966e617ff8f16ea49bf8734d0b		SERVICE_VERSION_00000000000000000000000000000000	PY_METHOD_PARAMETER_48028a77a3bb93355df73ad398fdb4a3
note	2	PY_METHOD_b4d83dae449aacdb8b41d27cdda8ccc1				false	false	false	false	36	36	POSITIONAL_OR_KEYWORD	true	None	NONE_LITERAL	false	false	PY_BINDING_1f1cdec9c45aa7fc99bc8fdd8a857323	PY_EXPRESSION_1f153342fb58dffa8d463a4de267932a	SERVICE_VERSION_00000000000000000000000000000000	PY_METHOD_PARAMETER_bb27e8c2b0c047835d47615082ba0496
owner	0	PY_METHOD_42739288421947271384edbcb3fa974d				false	false	false	false	43	43	POSITIONAL_OR_KEYWORD	false		NONE	false	false	PY_BINDING_3a335e5d2997bbd1fa7fb1c8a55c4598		SERVICE_VERSION_00000000000000000000000000000000	PY_METHOD_PARAMETER_dc7eeb9c1f190f297d0bfd7deea76142
owner_a	0	PY_METHOD_71702c732583c18df5dc408715b0f7ed				false	false	false	false	48	48	POSITIONAL_OR_KEYWORD	false		NONE	false	false	PY_BINDING_f5d1cba9112e1337606a82a43c85240d		SERVICE_VERSION_00000000000000000000000000000000	PY_METHOD_PARAMETER_cfc517b5293ffb836a659d589854fed8
owner_b	1	PY_METHOD_71702c732583c18df5dc408715b0f7ed				false	false	false	false	48	48	POSITIONAL_OR_KEYWORD	false		NONE	false	false	PY_BINDING_80fdea24b3f27aec91d035e3e337cc83		SERVICE_VERSION_00000000000000000000000000000000	PY_METHOD_PARAMETER_ac3a0bb86dcc0485d31d36f8650b5de4
owner	0	PY_METHOD_20c57f04952574f9d9a67a3e569643c5				false	false	false	false	52	52	POSITIONAL_OR_KEYWORD	false		NONE	false	false	PY_BINDING_2ec2a2776881e2e21758f62a83a8e1c9		SERVICE_VERSION_00000000000000000000000000000000	PY_METHOD_PARAMETER_e733a5364fb77a66567bfd9ee77d9d3c
owner	0	PY_METHOD_8eec383296a40dcb8ea6797a31fbb57b				false	false	false	false	57	57	POSITIONAL_OR_KEYWORD	false		NONE	false	false	PY_BINDING_6e1414c318bebf1dcf5c25c5a7d19fef		SERVICE_VERSION_00000000000000000000000000000000	PY_METHOD_PARAMETER_6249e176d2affe42654ddd71c48ec977
owner	0	PY_METHOD_d4da59784aac77758abf9291ba51bc8f				false	false	false	false	61	61	POSITIONAL_OR_KEYWORD	false		NONE	false	false	PY_BINDING_8f53c9b75b18267d6a531821a2709d49		SERVICE_VERSION_00000000000000000000000000000000	PY_METHOD_PARAMETER_39a4f409e8e9bdd47eabad669f1e6e10
owner	0	PY_METHOD_470dd26756c38ac01b89a762f53e9eda				false	false	false	false	65	65	POSITIONAL_OR_KEYWORD	false		NONE	false	false	PY_BINDING_33ac279e2f76128eee00fe1b7bf53ce0		SERVICE_VERSION_00000000000000000000000000000000	PY_METHOD_PARAMETER_67da9bc42cf15c124071b0fcc9bf574f
owner	0	PY_METHOD_41832f3a5fc01b56099728479bad830e				false	false	false	false	70	70	POSITIONAL_OR_KEYWORD	false		NONE	false	false	PY_BINDING_bf477c537854152f469a86eb9506137c		SERVICE_VERSION_00000000000000000000000000000000	PY_METHOD_PARAMETER_3e43ae1243483dcbf48fdbdae2c181bc
account	0	PY_METHOD_c05257965c5034a366444a47f8fab716				false	false	false	false	76	76	POSITIONAL_OR_KEYWORD	false		NONE	false	false	PY_BINDING_9c62cbb955995ce55d97a0f5c8479b0d		SERVICE_VERSION_00000000000000000000000000000000	PY_METHOD_PARAMETER_8c2d4892d31c10c5dbbec4b916e62b63
owner	0	PY_METHOD_db7e5debe1cd9fb866ea2184bf83ba3f				false	false	false	false	81	81	POSITIONAL_OR_KEYWORD	false		NONE	false	false	PY_BINDING_c21e2afc6323e2a5db5636204329ac33		SERVICE_VERSION_00000000000000000000000000000000	PY_METHOD_PARAMETER_a873e6b9ce5d5c2b88a21f076d5a0790
ledger	1	PY_METHOD_db7e5debe1cd9fb866ea2184bf83ba3f				false	false	false	false	81	81	POSITIONAL_OR_KEYWORD	false		NONE	false	false	PY_BINDING_8c13fb45aae67c31d4c1e8077e05a4c4		SERVICE_VERSION_00000000000000000000000000000000	PY_METHOD_PARAMETER_05648dc93c74f6eb12a2a597704eb9cb
account	0	PY_METHOD_c08c95c91dab5d42862362a14f225fba				false	false	false	false	31	31	POSITIONAL_OR_KEYWORD	false		NONE	false	false	PY_BINDING_e069b0a4af5b9d6adaeb2dc1ca0801d2		SERVICE_VERSION_00000000000000000000000000000000	PY_METHOD_PARAMETER_50cae4a34e140692b34b321b5537e958
mode	1	PY_METHOD_c08c95c91dab5d42862362a14f225fba				false	false	false	false	31	31	POSITIONAL_OR_KEYWORD	false		NONE	false	false	PY_BINDING_1ecfb074a2fd1d321d86821c6f122706		SERVICE_VERSION_00000000000000000000000000000000	PY_METHOD_PARAMETER_28cb1f8d1321b1acd4d0484b409820d6
accounts	0	PY_METHOD_f566c548ebfe64c6c3308420b0e4652e				false	false	false	false	41	41	POSITIONAL_OR_KEYWORD	false		NONE	false	false	PY_BINDING_5310c3584cc562581f7780991f9bdeba		SERVICE_VERSION_00000000000000000000000000000000	PY_METHOD_PARAMETER_3b69708a43716b03f1983cd8bb26a221
flag	1	PY_METHOD_f566c548ebfe64c6c3308420b0e4652e				false	false	false	false	41	41	POSITIONAL_OR_KEYWORD	false		NONE	false	false	PY_BINDING_0b3d4faea838bf141b270a5f027614f3		SERVICE_VERSION_00000000000000000000000000000000	PY_METHOD_PARAMETER_d5c45650b07575906f369b1cc118cc48
path	0	PY_METHOD_1ca9b70df2a25af8dca149c7759f5a07				false	false	false	false	56	56	POSITIONAL_OR_KEYWORD	false		NONE	false	false	PY_BINDING_4be27be9eb9e0d9bed6dc40e7656dc87		SERVICE_VERSION_00000000000000000000000000000000	PY_METHOD_PARAMETER_f51dd46bb1641ac22a19c890edbaa7ad
path_a	0	PY_METHOD_ac4a93b396bf221792a5b0824ce9c277				false	false	false	false	74	74	POSITIONAL_OR_KEYWORD	false		NONE	false	false	PY_BINDING_775eb351a8363a60bdb5e63383446b70		SERVICE_VERSION_00000000000000000000000000000000	PY_METHOD_PARAMETER_657cab2a99365db0b6c56f0a2c5fa8c1
path_b	1	PY_METHOD_ac4a93b396bf221792a5b0824ce9c277				false	false	false	false	74	74	POSITIONAL_OR_KEYWORD	false		NONE	false	false	PY_BINDING_96570a5fc3e74b744b0a92139bd66052		SERVICE_VERSION_00000000000000000000000000000000	PY_METHOD_PARAMETER_4ce52dadfa51969c35f9464423fcccc0
accounts	0	PY_METHOD_efc21184bae1ab20823e5a77e6489e63				false	false	false	false	81	81	POSITIONAL_OR_KEYWORD	false		NONE	false	false	PY_BINDING_189d70131bae1f8598121bd844498bad		SERVICE_VERSION_00000000000000000000000000000000	PY_METHOD_PARAMETER_d5fadb64ed9a684b7e739a048e84333b
path	1	PY_METHOD_efc21184bae1ab20823e5a77e6489e63				false	false	false	false	81	81	POSITIONAL_OR_KEYWORD	false		NONE	false	false	PY_BINDING_6faea82599c26523feebf739fe7ba2e5		SERVICE_VERSION_00000000000000000000000000000000	PY_METHOD_PARAMETER_c6630c922cdedf36cd7a752c63fc6e4f
flag	2	PY_METHOD_efc21184bae1ab20823e5a77e6489e63				false	false	false	false	81	81	POSITIONAL_OR_KEYWORD	false		NONE	false	false	PY_BINDING_b7479f247d8357c1b57342bfafda3814		SERVICE_VERSION_00000000000000000000000000000000	PY_METHOD_PARAMETER_dea0fb04670ef8d5f31f59020fad92d2
accounts	0	PY_METHOD_7eddb4d3b7255145f26a5cb31161ef1b				false	false	false	false	98	98	POSITIONAL_OR_KEYWORD	false		NONE	false	false	PY_BINDING_f147f8a30f449df32dac669d3d3e8c93		SERVICE_VERSION_00000000000000000000000000000000	PY_METHOD_PARAMETER_68933cee85bcfbf77ef372a997d866fd
flag	1	PY_METHOD_7eddb4d3b7255145f26a5cb31161ef1b				false	false	false	false	98	98	POSITIONAL_OR_KEYWORD	false		NONE	false	false	PY_BINDING_2ed54cd895fef61de7984d2fa851e985		SERVICE_VERSION_00000000000000000000000000000000	PY_METHOD_PARAMETER_a967f31bfb15bb5ba6f63b94ad32f371
self	0	PY_METHOD_6f4c37f04330de911c5a2a714cde6ada				false	false	false	true	14	14	POSITIONAL_OR_KEYWORD	false		NONE	false	false	PY_BINDING_915228d7e7d8e9ea5ece7498897c2776		SERVICE_VERSION_00000000000000000000000000000000	PY_METHOD_PARAMETER_489673092d700b19b459e48f0b670357
name	1	PY_METHOD_6f4c37f04330de911c5a2a714cde6ada				false	false	false	false	14	14	POSITIONAL_OR_KEYWORD	false		NONE	false	false	PY_BINDING_d9aaaa0f470fbbcf257c44f7458333cb		SERVICE_VERSION_00000000000000000000000000000000	PY_METHOD_PARAMETER_d4825087715c83979bcea0c84422ba29
self	0	PY_METHOD_8a00c6a209e528e05bb5ad19edcb18f0				false	false	false	true	18	18	POSITIONAL_OR_KEYWORD	false		NONE	false	false	PY_BINDING_b1dd01a85e7faada5ad0dd5f00da337e		SERVICE_VERSION_00000000000000000000000000000000	PY_METHOD_PARAMETER_c0c7622273fd4db0d4dfeaa23d165852
cls	0	PY_METHOD_fbebff5666a0c70f228cd582d19e5e21				false	false	false	true	22	22	POSITIONAL_OR_KEYWORD	false		NONE	false	false	PY_BINDING_f03eb92a2a3bffe105e93c2076811e9b		SERVICE_VERSION_00000000000000000000000000000000	PY_METHOD_PARAMETER_2e1f22d8e150920f420aa3f72b0d2a80
name	1	PY_METHOD_fbebff5666a0c70f228cd582d19e5e21				false	false	false	false	22	22	POSITIONAL_OR_KEYWORD	false		NONE	false	false	PY_BINDING_5391f36bab52e948fa3aeb5ad5ad804c		SERVICE_VERSION_00000000000000000000000000000000	PY_METHOD_PARAMETER_2ab469659a7f2eb753d874215870e309
cls	0	PY_METHOD_6078616ab9538ca07ec8d5466cd5eb99				false	false	false	true	27	27	POSITIONAL_OR_KEYWORD	false		NONE	false	false	PY_BINDING_e1191abf68c79b33e4291e11a1cb3b1f		SERVICE_VERSION_00000000000000000000000000000000	PY_METHOD_PARAMETER_ab56399279616d53f4ba740efa924bc2
self	0	PY_METHOD_29af074b05609f27522cab7b9d1d6f6c				false	false	false	true	34	34	POSITIONAL_OR_KEYWORD	false		NONE	false	false	PY_BINDING_d5262fec27a167db58d60c9f3b7df8e3		SERVICE_VERSION_00000000000000000000000000000000	PY_METHOD_PARAMETER_cedfdaac92d0f69d72c37942ad8dce68
self	0	PY_METHOD_c123f969057318b1c76aeded1591acce				false	false	false	true	38	38	POSITIONAL_OR_KEYWORD	false		NONE	false	false	PY_BINDING_eaaa831cefae5aa4c3ee61beb5efc0f2		SERVICE_VERSION_00000000000000000000000000000000	PY_METHOD_PARAMETER_6da1b2d8353c7e2bb8a02c812a851fa0
self	0	PY_METHOD_bd58a5b2c973d46575043d8dc053353e				false	false	false	true	42	42	POSITIONAL_OR_KEYWORD	false		NONE	false	false	PY_BINDING_ed03464ba008a913706f3647b5239902		SERVICE_VERSION_00000000000000000000000000000000	PY_METHOD_PARAMETER_cb794a8bbb33ce2df7c74bf69b93bb96
self	0	PY_METHOD_65acc5cb37445b420f8b41d4f5d0a0ad				false	false	false	true	46	46	POSITIONAL_OR_KEYWORD	false		NONE	false	false	PY_BINDING_f7cbbf6bae61ea8292cdbf1a84c98ca0		SERVICE_VERSION_00000000000000000000000000000000	PY_METHOD_PARAMETER_bc0522d5375c6dd2d23d9a94c3f2ea79
name	1	PY_METHOD_65acc5cb37445b420f8b41d4f5d0a0ad				false	false	false	false	46	46	POSITIONAL_OR_KEYWORD	false		NONE	false	false	PY_BINDING_05e6d60570689e2b96a83e135b082bfe		SERVICE_VERSION_00000000000000000000000000000000	PY_METHOD_PARAMETER_f53b857acbee694cdf41c04458484ec6
self	0	PY_METHOD_92ab47e48ecd017bc9f3e5696f3afb6d				false	false	false	true	50	50	POSITIONAL_OR_KEYWORD	false		NONE	false	false	PY_BINDING_b6a87f1bb2c4e28d83d49233d1615d72		SERVICE_VERSION_00000000000000000000000000000000	PY_METHOD_PARAMETER_1c844318a5c4479779a7338e4d3b757d
value	0	PY_METHOD_451e0be553e5fc4b670246020d50195b				false	false	false	false	55	55	POSITIONAL_OR_KEYWORD	false		NONE	false	false	PY_BINDING_32bce2afd969603b0981058e7b3076f8		SERVICE_VERSION_00000000000000000000000000000000	PY_METHOD_PARAMETER_1f18369ddfea22d08367e49e15d8dd93
widget	0	PY_METHOD_93bb2592cdd11698c9b6f15ab163f334				false	false	false	false	60	60	POSITIONAL_OR_KEYWORD	false		NONE	false	false	PY_BINDING_2c6b8727d77c9828e92e71a7c3167a9f		SERVICE_VERSION_00000000000000000000000000000000	PY_METHOD_PARAMETER_79c8657e33abac1fb0898ab94150ee1d
payload	0	PY_METHOD_4ffe961c21176e333ae2b746c3499b98				false	false	false	false	65	65	POSITIONAL_OR_KEYWORD	false		NONE	false	false	PY_BINDING_06ee4998b8583d64730037aa02d6e66d		SERVICE_VERSION_00000000000000000000000000000000	PY_METHOD_PARAMETER_43b0e3fd17fd507c166e7b5425ae6930
name	0	PY_METHOD_08de495df3f4d75ce9831803d072def0				false	false	false	false	71	71	POSITIONAL_OR_KEYWORD	false		NONE	false	false	PY_BINDING_3b29f16edf3f2ab2cded74333c34b012		SERVICE_VERSION_00000000000000000000000000000000	PY_METHOD_PARAMETER_d915c78b70a204edcec0565f7623f96f
parts	0	PY_METHOD_633bdab0f73b8ae3ad6965348564928a				false	false	false	false	76	76	POSITIONAL_OR_KEYWORD	false		NONE	false	false	PY_BINDING_da829b3607b24c13f7b466edd81bff4b		SERVICE_VERSION_00000000000000000000000000000000	PY_METHOD_PARAMETER_db2d9638e85374fb2ce9c83489b31959
owner	0	PY_METHOD_4356c8b9cdeb8add3756b9809634b020				false	false	false	false	81	81	POSITIONAL_OR_KEYWORD	false		NONE	false	false	PY_BINDING_143d5a3611f9de4fc0c663832b77bfe7		SERVICE_VERSION_00000000000000000000000000000000	PY_METHOD_PARAMETER_3c7ccb818572eec0de93f1c535afb428
callable_obj	0	PY_METHOD_14b49e9cd9d54b59cf96a27833ac7427				false	false	false	false	87	87	POSITIONAL_OR_KEYWORD	false		NONE	false	false	PY_BINDING_c9cccf3e73ba6f7256ba951103c688ab		SERVICE_VERSION_00000000000000000000000000000000	PY_METHOD_PARAMETER_9d6a84214984cc707726dd5f5e3c0d10
obj	0	PY_METHOD_7a132c01cf314132545b5a1dbf9f9a47				false	false	false	false	92	92	POSITIONAL_OR_KEYWORD	false		NONE	false	false	PY_BINDING_ff5508ecd7da7dc7939e886ea7e65ccf		SERVICE_VERSION_00000000000000000000000000000000	PY_METHOD_PARAMETER_65ff91e5ec530be9105aab0835012220
method_name	1	PY_METHOD_7a132c01cf314132545b5a1dbf9f9a47				false	false	false	false	92	92	POSITIONAL_OR_KEYWORD	false		NONE	false	false	PY_BINDING_e44886598ffcf898e818d098369fb104		SERVICE_VERSION_00000000000000000000000000000000	PY_METHOD_PARAMETER_6bb5ffa13ba20e182d9b151d543707b8
ledger	0	PY_METHOD_febf3fd984f2fe230a83a50cff9fa88b				false	false	false	false	97	97	POSITIONAL_OR_KEYWORD	false		NONE	false	false	PY_BINDING_968773749efb1820eb7e8b0f669044c2		SERVICE_VERSION_00000000000000000000000000000000	PY_METHOD_PARAMETER_c7ca8b21cd7fca26a901b011d8a68920
account	1	PY_METHOD_febf3fd984f2fe230a83a50cff9fa88b				false	false	false	false	97	97	POSITIONAL_OR_KEYWORD	false		NONE	false	false	PY_BINDING_3d216377a6c134b4149e2efaa2864fac		SERVICE_VERSION_00000000000000000000000000000000	PY_METHOD_PARAMETER_64f1e706685199bc75ff2c14e00e70b9
value	0	PY_METHOD_21fb7899277ef007478bcb94099de130				false	false	false	false	104	104	POSITIONAL_OR_KEYWORD	false		NONE	false	false	PY_BINDING_5ef55006a7a92060b09be92e431708a8		SERVICE_VERSION_00000000000000000000000000000000	PY_METHOD_PARAMETER_a228267571d9c17bbbbb9fa73562c88b
account	0	PY_METHOD_e321da753c7bc53ce1b0e4626ee9e8aa				false	false	false	false	108	108	POSITIONAL_OR_KEYWORD	false		NONE	false	false	PY_BINDING_8bf2925da0440f43dc601dfa38f590c1		SERVICE_VERSION_00000000000000000000000000000000	PY_METHOD_PARAMETER_48bb3129d841e6734c50055b766fc556
ledger	1	PY_METHOD_e321da753c7bc53ce1b0e4626ee9e8aa				false	false	false	false	108	108	POSITIONAL_OR_KEYWORD	false		NONE	false	false	PY_BINDING_f09f765c70f757240b73d9621aa7f3e2		SERVICE_VERSION_00000000000000000000000000000000	PY_METHOD_PARAMETER_de5b5d6d0b56b70c789a8fd3212b1e56
extras	2	PY_METHOD_e321da753c7bc53ce1b0e4626ee9e8aa				false	false	false	false	108	108	POSITIONAL_OR_KEYWORD	false		NONE	false	false	PY_BINDING_9cee013f0e5c1ad00fd895c399f7bc28		SERVICE_VERSION_00000000000000000000000000000000	PY_METHOD_PARAMETER_c684c971e15788d1ec5ab04d9a7458fd
account	0	PY_METHOD_6441f367001973b79746364665ebc38c				false	false	false	false	114	114	POSITIONAL_OR_KEYWORD	false		NONE	false	false	PY_BINDING_dd3bbdb8d144b4a32f11e4d5a3cf5e4f		SERVICE_VERSION_00000000000000000000000000000000	PY_METHOD_PARAMETER_a6313a6764dc1b0c06735734e8a0c687
ledger	1	PY_METHOD_6441f367001973b79746364665ebc38c				false	false	false	false	114	114	POSITIONAL_OR_KEYWORD	false		NONE	false	false	PY_BINDING_8961021d11460bf933b1db7c881e6e3a		SERVICE_VERSION_00000000000000000000000000000000	PY_METHOD_PARAMETER_5ec454898be09dbcc039ba4536c6395a
note	2	PY_METHOD_6441f367001973b79746364665ebc38c				false	false	false	false	114	114	POSITIONAL_OR_KEYWORD	true	None	NONE_LITERAL	false	false	PY_BINDING_7b4fd91d44088134bb54a23f1f10b5e0	PY_EXPRESSION_29733fc0c26b659d4a126657d93d5902	SERVICE_VERSION_00000000000000000000000000000000	PY_METHOD_PARAMETER_6d2c8a8297eb2fcf3cbf00ab065a350d
path	0	PY_METHOD_99031cf5cc9c3467a5e257f5de7e2007				false	false	false	false	25	25	POSITIONAL_OR_KEYWORD	false		NONE	false	false	PY_BINDING_2f45eae6894bbce1fbba4a77daf07178		SERVICE_VERSION_00000000000000000000000000000000	PY_METHOD_PARAMETER_e11a44fd82d0257363d5859cda194f39
path	0	PY_METHOD_d80eb96b13e89dcdbd5dfa0740477bfb				false	false	false	false	30	30	POSITIONAL_OR_KEYWORD	false		NONE	false	false	PY_BINDING_11cdd5ae93c16ede66f784901c132d47		SERVICE_VERSION_00000000000000000000000000000000	PY_METHOD_PARAMETER_97b0ebb5d32c2a4c518c4a483efb5b2f
payload	0	PY_METHOD_3a179f303b5a7a1fce2d035cdd8233c9				false	false	false	false	35	35	POSITIONAL_OR_KEYWORD	false		NONE	false	false	PY_BINDING_bd24fcba8450e3673f01178eb6d0c8cd		SERVICE_VERSION_00000000000000000000000000000000	PY_METHOD_PARAMETER_5dcecc10a1226c826747fe9dc01f1f12
text	0	PY_METHOD_f4de82a09c07c78db550c9240aef0ed8				false	false	false	false	40	40	POSITIONAL_OR_KEYWORD	false		NONE	false	false	PY_BINDING_800c368f56bab84e20aa5abfe4383356		SERVICE_VERSION_00000000000000000000000000000000	PY_METHOD_PARAMETER_4a3c686291aae736ad40d961fd50a968
amount	0	PY_METHOD_2bd57193ab22b76cfb3d25c236886748				false	false	false	false	53	53	POSITIONAL_OR_KEYWORD	false		NONE	false	false	PY_BINDING_15df3df99d4eb8835793cb49b94ff777		SERVICE_VERSION_00000000000000000000000000000000	PY_METHOD_PARAMETER_e53dd6b7a4e0848a4e3704abdaabe527
precision	0	PY_METHOD_0eba42390e23b739e697ac32efddb9ca				false	false	false	false	59	59	POSITIONAL_OR_KEYWORD	false		NONE	false	false	PY_BINDING_dffb58d3f4f3461e74cb1e0b336d7525		SERVICE_VERSION_00000000000000000000000000000000	PY_METHOD_PARAMETER_4f8d84d1450fbb7d610d64de538e8938
pairs	0	PY_METHOD_63692fa849d149f77e1a1f264fe30c0e				false	false	false	false	65	65	POSITIONAL_OR_KEYWORD	false		NONE	false	false	PY_BINDING_7a0400fd47a86e2dd4479093fe12f21d		SERVICE_VERSION_00000000000000000000000000000000	PY_METHOD_PARAMETER_04ca2fd54d00c6c9741e0801920c9e06
owner	0	PY_METHOD_7d220b31d5c6e633318c2a17fac1882f				false	false	false	false	72	72	POSITIONAL_OR_KEYWORD	false		NONE	false	false	PY_BINDING_0d58c0f30a186c55dc52ca27fe0e4daa		SERVICE_VERSION_00000000000000000000000000000000	PY_METHOD_PARAMETER_ba56cbef682d55cff6dae4cbf4e61310
owner	0	PY_METHOD_08dce96162f6e5eb3fea999ab5d1542c				false	false	false	false	80	80	POSITIONAL_OR_KEYWORD	false		NONE	false	false	PY_BINDING_d730250cda6a60d6a3d6984da0c14ad5		SERVICE_VERSION_00000000000000000000000000000000	PY_METHOD_PARAMETER_614299baaffa02d24183b442a1b71d22
owner	0	PY_METHOD_71e82af0d626c6a13591061213a6909a				false	false	false	false	85	85	POSITIONAL_OR_KEYWORD	false		NONE	false	false	PY_BINDING_a1aedb72e5d779312e344178d6e2ead1		SERVICE_VERSION_00000000000000000000000000000000	PY_METHOD_PARAMETER_c0782333597cea16144fcc87b4e5ec9b
owner	0	PY_METHOD_09d2752e8d155ecdc30ba290a20161fa				false	false	false	false	90	90	POSITIONAL_OR_KEYWORD	false		NONE	false	false	PY_BINDING_85b5065eb081febc82a65651bdc3d208		SERVICE_VERSION_00000000000000000000000000000000	PY_METHOD_PARAMETER_77c06f9815a382542667900a6b1fc6f8
self	0	PY_METHOD_77c3686c61f40ebcffd88460909eda13				false	false	false	true	20	20	POSITIONAL_OR_KEYWORD	false		NONE	false	false	PY_BINDING_efbbb85591338e6372454b1e9f4aed3b		SERVICE_VERSION_00000000000000000000000000000000	PY_METHOD_PARAMETER_af9aec76e615c6e698f6507cfa82e5fb
field	1	PY_METHOD_77c3686c61f40ebcffd88460909eda13				false	false	false	false	20	20	POSITIONAL_OR_KEYWORD	false		NONE	false	false	PY_BINDING_d6ea1da3daf8bcd2a807bbfd39685013		SERVICE_VERSION_00000000000000000000000000000000	PY_METHOD_PARAMETER_b76c6bca16ee7feab8a9494d1f184db8
message	2	PY_METHOD_77c3686c61f40ebcffd88460909eda13				false	false	false	false	20	20	POSITIONAL_OR_KEYWORD	false		NONE	false	false	PY_BINDING_6486f9effacca1416a3854809f5971e4		SERVICE_VERSION_00000000000000000000000000000000	PY_METHOD_PARAMETER_9ff22e9edcb98bdd868ca2f2eaae1d12
self	0	PY_METHOD_a06737389772974f0644c675d63ff603				false	false	false	true	29	29	POSITIONAL_OR_KEYWORD	false		NONE	false	false	PY_BINDING_de281079f07d95306f6c16ee368a1d27		SERVICE_VERSION_00000000000000000000000000000000	PY_METHOD_PARAMETER_1918957a1c928335fd406bf4f7c28aec
self	0	PY_METHOD_ef374dadf3ccf3021c147e64b29396be				false	false	false	true	32	32	POSITIONAL_OR_KEYWORD	false		NONE	false	false	PY_BINDING_28faac723d012a977ffffa9d286c0c09		SERVICE_VERSION_00000000000000000000000000000000	PY_METHOD_PARAMETER_750d3e8ca0f8b16b57cbbf03ac0f86c7
amount	1	PY_METHOD_ef374dadf3ccf3021c147e64b29396be				false	false	false	false	32	32	POSITIONAL_OR_KEYWORD	false		NONE	false	false	PY_BINDING_6c845b5111fa10b48c2a84bc7daa7d6f		SERVICE_VERSION_00000000000000000000000000000000	PY_METHOD_PARAMETER_764e68857cd5a046204a6e5ef286138e
self	0	PY_METHOD_6cc51de6adf0eda0911df3654fc37b80				false	false	false	true	38	38	POSITIONAL_OR_KEYWORD	false		NONE	false	false	PY_BINDING_801a6a6f40bdb4c9ecdafc10b9019e95		SERVICE_VERSION_00000000000000000000000000000000	PY_METHOD_PARAMETER_9b673590267952c6270140bdae5d203e
self	0	PY_METHOD_abfce174106901a960c915c66b87a856				false	false	false	true	45	45	POSITIONAL_OR_KEYWORD	false		NONE	false	false	PY_BINDING_e14e1c1293935b3bfd30225decd7ff5c		SERVICE_VERSION_00000000000000000000000000000000	PY_METHOD_PARAMETER_3e97baecc0806c847394ff1e08e79c04
ledger	1	PY_METHOD_abfce174106901a960c915c66b87a856				false	false	false	false	45	45	POSITIONAL_OR_KEYWORD	true	None	NONE_LITERAL	false	false	PY_BINDING_d9a9f4aa68edcf2b0050478f1026d609	PY_EXPRESSION_c0962491f4daf74be4f051fa870be7c6	SERVICE_VERSION_00000000000000000000000000000000	PY_METHOD_PARAMETER_3373e61be49e86aa92c42be6ba67d5e6
self	0	PY_METHOD_a4f44c51e1252db01cd41953f6bb0547				false	false	false	true	50	50	POSITIONAL_OR_KEYWORD	false		NONE	false	false	PY_BINDING_bcc029071369487732b1e9eccdcd7eb7		SERVICE_VERSION_00000000000000000000000000000000	PY_METHOD_PARAMETER_c87cdb731e17951f23988770fd4e1b7d
source_owner	1	PY_METHOD_a4f44c51e1252db01cd41953f6bb0547				false	false	false	false	50	50	POSITIONAL_OR_KEYWORD	false		NONE	false	false	PY_BINDING_064634200bd313b04c90673df719dff8		SERVICE_VERSION_00000000000000000000000000000000	PY_METHOD_PARAMETER_274ea32112a439aef2aea8e3b5924e12
target_owner	2	PY_METHOD_a4f44c51e1252db01cd41953f6bb0547				false	false	false	false	50	50	POSITIONAL_OR_KEYWORD	false		NONE	false	false	PY_BINDING_67b661a1d73a7bdcac71fcbdd5fa77bd		SERVICE_VERSION_00000000000000000000000000000000	PY_METHOD_PARAMETER_36e3745eefe570d730fbcae5d983ed60
amount	3	PY_METHOD_a4f44c51e1252db01cd41953f6bb0547				false	false	false	false	50	50	POSITIONAL_OR_KEYWORD	false		NONE	false	false	PY_BINDING_6ce2f2556e65988577a66ac513d55563		SERVICE_VERSION_00000000000000000000000000000000	PY_METHOD_PARAMETER_03bdd40e10560bab35b1bf00bd423c31
self	0	PY_METHOD_f152f38c0c5e01350b26d4ccebd7fc8d				false	false	false	true	75	75	POSITIONAL_OR_KEYWORD	false		NONE	false	false	PY_BINDING_b0ef4dc47bcc6ba2a3a62f2cdb3eb720		SERVICE_VERSION_00000000000000000000000000000000	PY_METHOD_PARAMETER_d1a59a11f6ce83c4e2765418efe3c434
amount	1	PY_METHOD_f152f38c0c5e01350b26d4ccebd7fc8d				false	false	false	false	75	75	POSITIONAL_OR_KEYWORD	false		NONE	false	false	PY_BINDING_ebc75c9791adc5576cc9c0e6c5719871		SERVICE_VERSION_00000000000000000000000000000000	PY_METHOD_PARAMETER_2b26a7a2c196261ab7683fa9e3906fc4
self	0	PY_METHOD_edd03c03ab2416f2845f0f56293c18dd				false	false	false	true	79	79	POSITIONAL_OR_KEYWORD	false		NONE	false	false	PY_BINDING_73f8c4de7ad5422e0792bd96845cc944		SERVICE_VERSION_00000000000000000000000000000000	PY_METHOD_PARAMETER_90d7f1e0bdc902666cc4cc514838cca5
self	0	PY_METHOD_6ff262cc7fe657bfb02c1bd9bf0a9a20				false	false	false	true	86	86	POSITIONAL_OR_KEYWORD	false		NONE	false	false	PY_BINDING_d883e0ca86a4b3ce2271683d5e9a40ef		SERVICE_VERSION_00000000000000000000000000000000	PY_METHOD_PARAMETER_28fa719698b7ad59829264d8315f22b4
pairs	1	PY_METHOD_6ff262cc7fe657bfb02c1bd9bf0a9a20				false	false	false	false	86	86	POSITIONAL_OR_KEYWORD	false		NONE	false	false	PY_BINDING_ffc3f274243f342f28c71a4d6d8265a7		SERVICE_VERSION_00000000000000000000000000000000	PY_METHOD_PARAMETER_870598402df707b6a03ee6b039db216f
amount	2	PY_METHOD_6ff262cc7fe657bfb02c1bd9bf0a9a20				false	false	false	false	86	86	POSITIONAL_OR_KEYWORD	false		NONE	false	false	PY_BINDING_5ded7054d20434dede387c11b7ddf739		SERVICE_VERSION_00000000000000000000000000000000	PY_METHOD_PARAMETER_57117c9a7d9578f7cea14efe7952249e
self	0	PY_METHOD_eaf26aa958aceeff13711f31f5d8af05				false	false	false	true	96	96	POSITIONAL_OR_KEYWORD	false		NONE	false	false	PY_BINDING_122b4e61ffa95b51f4420c7873b11d50		SERVICE_VERSION_00000000000000000000000000000000	PY_METHOD_PARAMETER_8a126e2c45b0ad8c25db037473f710ad
pairs	0	PY_METHOD_b31da01fa40e522acd2f356bd1e5af56				false	false	false	false	101	101	POSITIONAL_OR_KEYWORD	false		NONE	false	false	PY_BINDING_f20a54362c2236802bc7f52e26ea658a		SERVICE_VERSION_00000000000000000000000000000000	PY_METHOD_PARAMETER_f2b7c3803517b8a0283b49ea593ce14c
amount	1	PY_METHOD_b31da01fa40e522acd2f356bd1e5af56				false	false	false	false	101	101	POSITIONAL_OR_KEYWORD	true	10	NUMBER	false	false	PY_BINDING_0e44b63e7c527e0c8f6ea83d73aa3b5b	PY_EXPRESSION_f73e2f648a34fafc296d07df1be8a3e8	SERVICE_VERSION_00000000000000000000000000000000	PY_METHOD_PARAMETER_12a424175191e0399721f07ea62b545c
owner	0	PY_METHOD_6df727a74135257df391e3449ce0ee7a				false	false	false	false	13	13	POSITIONAL_OR_KEYWORD	false		NONE	false	false	PY_BINDING_0abcc96ddfbb63fc5d70d77175c21303		SERVICE_VERSION_00000000000000000000000000000000	PY_METHOD_PARAMETER_59f4807002ce2530ab87b07f43c68964
owner_a	0	PY_METHOD_f3b9ff22c6471370791c51ab89a2a391				false	false	false	false	19	19	POSITIONAL_OR_KEYWORD	false		NONE	false	false	PY_BINDING_492b372b774cb2d33844a39d50a14e3e		SERVICE_VERSION_00000000000000000000000000000000	PY_METHOD_PARAMETER_0f870f34000830db073ebb5d4ef2e2e9
owner_b	1	PY_METHOD_f3b9ff22c6471370791c51ab89a2a391				false	false	false	false	19	19	POSITIONAL_OR_KEYWORD	false		NONE	false	false	PY_BINDING_0e252c0a815d30e10704283665062c6b		SERVICE_VERSION_00000000000000000000000000000000	PY_METHOD_PARAMETER_7e780270fe89c50f2649e2ed8e008900
owner	0	PY_METHOD_5d27ec7d7b451c232e77d5b035cc9c27				false	false	false	false	26	26	POSITIONAL_OR_KEYWORD	false		NONE	false	false	PY_BINDING_e55f6072ba009cfca1f96036fce3844c		SERVICE_VERSION_00000000000000000000000000000000	PY_METHOD_PARAMETER_e7296a37116e8f171bb2f4ef9c482211
owner	0	PY_METHOD_2eeec59a3521598c683dff81f2a0e297				false	false	false	false	34	34	POSITIONAL_OR_KEYWORD	false		NONE	false	false	PY_BINDING_9f08fa0a2c647fb472078ae23f2cc1be		SERVICE_VERSION_00000000000000000000000000000000	PY_METHOD_PARAMETER_705460b3b7e7b0f5906d6ce19c031101
flag	1	PY_METHOD_2eeec59a3521598c683dff81f2a0e297				false	false	false	false	34	34	POSITIONAL_OR_KEYWORD	false		NONE	false	false	PY_BINDING_f48ea2a21eb1a536f73440b101ca62c9		SERVICE_VERSION_00000000000000000000000000000000	PY_METHOD_PARAMETER_008dbc8e745d9e4c3eac9588a3e926fb
owner	0	PY_METHOD_ec8c06151fd2f99fa4b987fb11cdd8bb				false	false	false	false	42	42	POSITIONAL_OR_KEYWORD	false		NONE	false	false	PY_BINDING_a179ea28edebd1e019e6416ca3b1ff34		SERVICE_VERSION_00000000000000000000000000000000	PY_METHOD_PARAMETER_4d349ece8e2843d0e885804f713d9b17
owner	0	PY_METHOD_55d63cabcde6c02166699295507fc726				false	false	false	false	62	62	POSITIONAL_OR_KEYWORD	false		NONE	false	false	PY_BINDING_ab008ba6ade0874dd26b24ac6661b5d5		SERVICE_VERSION_00000000000000000000000000000000	PY_METHOD_PARAMETER_b4514b1d19cf3adfafa93f3e2cc57ee4
owner	0	PY_METHOD_0efa377ac39f391980ffcc8615583924				false	false	false	false	68	68	POSITIONAL_OR_KEYWORD	false		NONE	false	false	PY_BINDING_ee0c8ccc265b53cf155831f20d233e48		SERVICE_VERSION_00000000000000000000000000000000	PY_METHOD_PARAMETER_d94c09a164a8f2f8ea9ebcbbb8446ca8
ledger	0	PY_METHOD_6ac5301ac6ac937d6d587955607e61cb				false	false	false	false	74	74	POSITIONAL_OR_KEYWORD	false		NONE	false	false	PY_BINDING_8baf6ad6f362719d473ead90fb94e50e		SERVICE_VERSION_00000000000000000000000000000000	PY_METHOD_PARAMETER_6951e9c5f3e9d02d2e5e663cdebcfde2
accounts	0	PY_METHOD_5bee5f26bf4c1e3dd26662f34bd2bf49				false	false	false	false	79	79	POSITIONAL_OR_KEYWORD	false		NONE	false	false	PY_BINDING_bb431f55ea6ffc4f02b7b8a9c36f6118		SERVICE_VERSION_00000000000000000000000000000000	PY_METHOD_PARAMETER_620b1e4186e277eb85f28e396403d253
path	0	PY_METHOD_1536eea9d235cae8d2cdc753cf867ab3				false	false	false	false	87	87	POSITIONAL_OR_KEYWORD	false		NONE	false	false	PY_BINDING_831655085c7ebcf3b62c52f9f7c67141		SERVICE_VERSION_00000000000000000000000000000000	PY_METHOD_PARAMETER_cfa0bcfb995df771b1f261664049e4a7
pair	0	PY_METHOD_972c3645b5a93c9b52c60d8000dd3b60				false	false	false	false	92	92	POSITIONAL_OR_KEYWORD	false		NONE	false	false	PY_BINDING_b1d70b65aae6acadd00bc9b83d62a2ce		SERVICE_VERSION_00000000000000000000000000000000	PY_METHOD_PARAMETER_5bc74b1581c74f7c136afe4108d20b6f
items	0	PY_METHOD_60ba9a680d87a61627cf5d14c81f273e				false	false	false	false	97	97	POSITIONAL_OR_KEYWORD	false		NONE	false	false	PY_BINDING_eb60d9b52000e691e49253d49d008cdb		SERVICE_VERSION_00000000000000000000000000000000	PY_METHOD_PARAMETER_74f31f0768100507ea8c310a74c51638
owner	0	PY_METHOD_3515c175a33ee571eb6bca647c579262				false	false	false	false	102	102	POSITIONAL_OR_KEYWORD	false		NONE	false	false	PY_BINDING_0eef2faca3393edd61ce940c2006f455		SERVICE_VERSION_00000000000000000000000000000000	PY_METHOD_PARAMETER_b46354f736bd55dd048db70d99c727cf
account	0	PY_METHOD_228a2731b54001e4be8fe0e3dbd7d641				false	false	false	false	108	108	POSITIONAL_OR_KEYWORD	false		NONE	false	false	PY_BINDING_6ad33a2b01ca3102668371baca6910de		SERVICE_VERSION_00000000000000000000000000000000	PY_METHOD_PARAMETER_b4729b45c7a9fc92e2a82eeab56c4043
self	0	PY_METHOD_dc6277195e51a441e745d86113d605f7				false	false	false	true	7	7	POSITIONAL_OR_KEYWORD	false		NONE	false	false	PY_BINDING_53cd0d0812e206b5ca0576c0a783d162		SERVICE_VERSION_00000000000000000000000000000000	PY_METHOD_PARAMETER_22617a01a2a5c38efe6790b4e33c5aed
owner	1	PY_METHOD_dc6277195e51a441e745d86113d605f7				false	false	false	false	7	7	POSITIONAL_OR_KEYWORD	false		NONE	false	false	PY_BINDING_5533544d64aa0b917aefe63b4a0b3f47		SERVICE_VERSION_00000000000000000000000000000000	PY_METHOD_PARAMETER_055deffc4e71d1c323d360bdeb109a6e
self	0	PY_METHOD_93ce37faa7f1fc202c129087153a5fbb				false	false	false	true	11	11	POSITIONAL_OR_KEYWORD	false		NONE	false	false	PY_BINDING_2ba9041321f51867a9bef928f85800db		SERVICE_VERSION_00000000000000000000000000000000	PY_METHOD_PARAMETER_a956ca4c1c03c100abe3adceb10823c2
amount	1	PY_METHOD_93ce37faa7f1fc202c129087153a5fbb				false	false	false	false	11	11	POSITIONAL_OR_KEYWORD	false		NONE	false	false	PY_BINDING_f5903c50128844e925ac1ab96fde71ce		SERVICE_VERSION_00000000000000000000000000000000	PY_METHOD_PARAMETER_aa28b1966d7246d5b867ec1b93476d42
self	0	PY_METHOD_0d60949b38638eb134c10acb0722032d				false	false	false	true	15	15	POSITIONAL_OR_KEYWORD	false		NONE	false	false	PY_BINDING_63c89a9d5553590c877b825dd829df06		SERVICE_VERSION_00000000000000000000000000000000	PY_METHOD_PARAMETER_098f00ce38b9bc24a06a21b7ce5f8eb0
amount	1	PY_METHOD_0d60949b38638eb134c10acb0722032d				false	false	false	false	15	15	POSITIONAL_OR_KEYWORD	false		NONE	false	false	PY_BINDING_1e2d0e2ac3d43b34e872d6c68556f97b		SERVICE_VERSION_00000000000000000000000000000000	PY_METHOD_PARAMETER_9bc0d4f19dbc69841fdf09564c14e7ac
self	0	PY_METHOD_2daf7e33379db78d4331396946451ab6				false	false	false	true	19	19	POSITIONAL_OR_KEYWORD	false		NONE	false	false	PY_BINDING_5c23a866712a1df7bc6f0b3bb3df8e1a		SERVICE_VERSION_00000000000000000000000000000000	PY_METHOD_PARAMETER_89d0885f64674cb5a373836b9033b1cd
self	0	PY_METHOD_5764aa80b833351d5a0f492138499490				false	false	false	true	24	24	POSITIONAL_OR_KEYWORD	false		NONE	false	false	PY_BINDING_0ae483da4a1219d76ef929d13a60b509		SERVICE_VERSION_00000000000000000000000000000000	PY_METHOD_PARAMETER_c83f96bd97c642d78942708b26a15719
self	0	PY_METHOD_943114e5f7e3a86f5971328f318a5e0d				false	false	false	true	27	27	POSITIONAL_OR_KEYWORD	false		NONE	false	false	PY_BINDING_a62f91f98f091ce70297bf1d6cd0dcf6		SERVICE_VERSION_00000000000000000000000000000000	PY_METHOD_PARAMETER_7746bc023d511bff7a88f557302dd925
account	1	PY_METHOD_943114e5f7e3a86f5971328f318a5e0d				false	false	false	false	27	27	POSITIONAL_OR_KEYWORD	false		NONE	false	false	PY_BINDING_6e3dd1c420d61315c647935c54a79fcf		SERVICE_VERSION_00000000000000000000000000000000	PY_METHOD_PARAMETER_a1416e4cfc53c117bbb50cf5a3bdc84f
self	0	PY_METHOD_8028747b9b8ea746a7c3fa92b556c409				false	false	false	true	33	33	POSITIONAL_OR_KEYWORD	false		NONE	false	false	PY_BINDING_ae3ef2270d4e18c6e959586f4ab13167		SERVICE_VERSION_00000000000000000000000000000000	PY_METHOD_PARAMETER_b803e7cd15891e4d1c4885f28062b829
owner	0	PY_METHOD_499d987a935671c184ee14ca08435562				false	false	false	false	8	8	POSITIONAL_OR_KEYWORD	false		NONE	false	false	PY_BINDING_3bfc736cb756c78f57a6463d71e598b1		SERVICE_VERSION_00000000000000000000000000000000	PY_METHOD_PARAMETER_b326f19fa69a99a5f0fbdb6d5f1449e0
self	0	PY_METHOD_d0a3633a3eba729adb0e740bffa1e5e3				false	false	false	true	17	17	POSITIONAL_OR_KEYWORD	false		NONE	false	false	PY_BINDING_f99a9f0161d7bea6bddec1667c84669b		SERVICE_VERSION_00000000000000000000000000000000	PY_METHOD_PARAMETER_39ce950b4a41b268f84fd773fcdfee53
item	1	PY_METHOD_d0a3633a3eba729adb0e740bffa1e5e3				false	false	false	false	17	17	POSITIONAL_OR_KEYWORD	false		NONE	false	false	PY_BINDING_626a4a63f0eb6fafb3953cc8617e96ba		SERVICE_VERSION_00000000000000000000000000000000	PY_METHOD_PARAMETER_e3d6649fd4b076ebbac4388896ecb137
self	0	PY_METHOD_86c3460cbafe7c4762e0475506871165				false	false	false	true	22	22	POSITIONAL_OR_KEYWORD	false		NONE	false	false	PY_BINDING_7badacdd1a37307e58884ec89c86f78b		SERVICE_VERSION_00000000000000000000000000000000	PY_METHOD_PARAMETER_8adb2f6ad76d1a30b5bdfc2708418a3d
item	1	PY_METHOD_86c3460cbafe7c4762e0475506871165				false	false	false	false	22	22	POSITIONAL_OR_KEYWORD	false		NONE	false	false	PY_BINDING_86e05eb87dce817f491b8cf8025ad5c4		SERVICE_VERSION_00000000000000000000000000000000	PY_METHOD_PARAMETER_b9775f591032cd5be3a096212615baf2
self	0	PY_METHOD_0a2b9d7901b11b3729382f7f4b742b57				false	false	false	true	27	27	POSITIONAL_OR_KEYWORD	false		NONE	false	false	PY_BINDING_824355a4aab13890a223ffb68323b02a		SERVICE_VERSION_00000000000000000000000000000000	PY_METHOD_PARAMETER_cd5679fd175c828612e8e69938521ed1
item	1	PY_METHOD_0a2b9d7901b11b3729382f7f4b742b57				false	false	false	false	27	27	POSITIONAL_OR_KEYWORD	false		NONE	false	false	PY_BINDING_0738be87d4f804620de5750a38535593		SERVICE_VERSION_00000000000000000000000000000000	PY_METHOD_PARAMETER_9a52adf949fe6cfd07fe08ed8a4d39e9
self	0	PY_METHOD_8853dce881486a02decc7d6c32afe8ac				false	false	false	true	32	32	POSITIONAL_OR_KEYWORD	false		NONE	false	false	PY_BINDING_81c5d7cc6628eb04e1390db5cba5385a		SERVICE_VERSION_00000000000000000000000000000000	PY_METHOD_PARAMETER_610c3368dce2f29c0f0928aee71431dd
item	1	PY_METHOD_8853dce881486a02decc7d6c32afe8ac				false	false	false	false	32	32	POSITIONAL_OR_KEYWORD	false		NONE	false	false	PY_BINDING_75891d5b690508bd62db75d5f3525930		SERVICE_VERSION_00000000000000000000000000000000	PY_METHOD_PARAMETER_5cde96debcd71b3b2aabc729db7c27dc
self	0	PY_METHOD_be2f161faf11518db7e25b6631a5ff03				false	false	false	true	37	37	POSITIONAL_OR_KEYWORD	false		NONE	false	false	PY_BINDING_4e9a1fb25cd67dfbc937d03b7fdfd8c3		SERVICE_VERSION_00000000000000000000000000000000	PY_METHOD_PARAMETER_d5622d94d58dffbd262872786b6ca835
item	1	PY_METHOD_be2f161faf11518db7e25b6631a5ff03				false	false	false	false	37	37	POSITIONAL_OR_KEYWORD	false		NONE	false	false	PY_BINDING_7d0193622f002c9d2beb79844d402e5d		SERVICE_VERSION_00000000000000000000000000000000	PY_METHOD_PARAMETER_62bec185f313d489b23a7f655d210a34
self	0	PY_METHOD_98e52aa34217d6b1ae6a4d2e40799911				false	false	false	true	42	42	POSITIONAL_OR_KEYWORD	false		NONE	false	false	PY_BINDING_5721bca5f5bcf64572b04957198c3576		SERVICE_VERSION_00000000000000000000000000000000	PY_METHOD_PARAMETER_ef7ed769e5d4778958ae7888358c6792
inner	1	PY_METHOD_98e52aa34217d6b1ae6a4d2e40799911				false	false	false	false	42	42	POSITIONAL_OR_KEYWORD	false		NONE	false	false	PY_BINDING_7e390eeaac7cff7f7f24b2b9e7d6e680		SERVICE_VERSION_00000000000000000000000000000000	PY_METHOD_PARAMETER_dd3309e97cb1104bdcc0779a96f96849
self	0	PY_METHOD_d1f6c3339d294672b9d5eb2a56618182				false	false	false	true	46	46	POSITIONAL_OR_KEYWORD	false		NONE	false	false	PY_BINDING_fcb55c4f53429278542e7ca145ebf56a		SERVICE_VERSION_00000000000000000000000000000000	PY_METHOD_PARAMETER_35fdee789823fe31f5e665aa134d0799
item	1	PY_METHOD_d1f6c3339d294672b9d5eb2a56618182				false	false	false	false	46	46	POSITIONAL_OR_KEYWORD	false		NONE	false	false	PY_BINDING_25d76867401d6bc0e0237acc5c623bc3		SERVICE_VERSION_00000000000000000000000000000000	PY_METHOD_PARAMETER_1bfc10c685b1cf686457f8fef93d54c5
item	0	PY_METHOD_fe7126e9b3f926666253a1455bd761e4				false	false	false	false	52	52	POSITIONAL_OR_KEYWORD	false		NONE	false	false	PY_BINDING_75d453e021dffc01a154f1c8a678ae21		SERVICE_VERSION_00000000000000000000000000000000	PY_METHOD_PARAMETER_b8189692325c77a98359fe3cba77da70
item	0	PY_METHOD_679c1e7a66e01ebb573c925694d60e80				false	false	false	false	57	57	POSITIONAL_OR_KEYWORD	false		NONE	false	false	PY_BINDING_a01f78338288284a1f1fcf71b2e6330b		SERVICE_VERSION_00000000000000000000000000000000	PY_METHOD_PARAMETER_0990494b4e801aafbc8b51a99e5bce97
item	0	PY_METHOD_d4fcf4b74040b6f1db34304f09fecdff				false	false	false	false	62	62	POSITIONAL_OR_KEYWORD	false		NONE	false	false	PY_BINDING_b1eb5fc47684026467a54d671e43d296		SERVICE_VERSION_00000000000000000000000000000000	PY_METHOD_PARAMETER_7fe1ed2e8315e901973ea3f58259bb73
store	0	PY_METHOD_ec1c0674de5b89e4aebf23c4e1992980				false	false	false	false	66	66	POSITIONAL_OR_KEYWORD	false		NONE	false	false	PY_BINDING_19177042f1da97f7125859cde697ffda		SERVICE_VERSION_00000000000000000000000000000000	PY_METHOD_PARAMETER_cb7c4ee61ea59a5a0fe50c899d6f1dec
item	1	PY_METHOD_ec1c0674de5b89e4aebf23c4e1992980				false	false	false	false	66	66	POSITIONAL_OR_KEYWORD	false		NONE	false	false	PY_BINDING_4331fc7d945db1aa252cde3e1b24024d		SERVICE_VERSION_00000000000000000000000000000000	PY_METHOD_PARAMETER_4ca3029faf2ed6516ef85ce8d97eb157
store	0	PY_METHOD_b3f9773614724880fd4d64a9714794f6	MemoryStore	MemoryStore	polymorphism_reduction.MemoryStore	false	false	false	false	72	72	POSITIONAL_OR_KEYWORD	false		NONE	false	false	PY_BINDING_c7c78d9dbe671f9d97d6e4e8761c3f7f		SERVICE_VERSION_00000000000000000000000000000000	PY_METHOD_PARAMETER_4284db647f6110eb942db34d7ba251b2
item	1	PY_METHOD_b3f9773614724880fd4d64a9714794f6				false	false	false	false	72	72	POSITIONAL_OR_KEYWORD	false		NONE	false	false	PY_BINDING_cad0a1d5536d935442e743906811295c		SERVICE_VERSION_00000000000000000000000000000000	PY_METHOD_PARAMETER_03ef3df9d7bbb4a24f9ec1e6e1199bb8
item	0	PY_METHOD_d4a0166fc9502502eb0afce8a8396734				false	false	false	false	76	76	POSITIONAL_OR_KEYWORD	false		NONE	false	false	PY_BINDING_eb6e7ca4db06f211cf2f08bed301f43e		SERVICE_VERSION_00000000000000000000000000000000	PY_METHOD_PARAMETER_02e87d6a066bed432bb25deb2f6f0543
store	0	PY_METHOD_79209177737d8b893e0fe8c3b9064363				false	false	false	false	86	86	POSITIONAL_OR_KEYWORD	false		NONE	false	false	PY_BINDING_f5015af44e06778c7be37e0857f17f77		SERVICE_VERSION_00000000000000000000000000000000	PY_METHOD_PARAMETER_a4d05fe1e8533b3306a65ffcbe962f0a
item	1	PY_METHOD_79209177737d8b893e0fe8c3b9064363				false	false	false	false	86	86	POSITIONAL_OR_KEYWORD	false		NONE	false	false	PY_BINDING_d3f2a07d8af8556f463afeb8dc9f9b69		SERVICE_VERSION_00000000000000000000000000000000	PY_METHOD_PARAMETER_1bd9a518f9bc492a5d53c1db40fd2bd4
name	0	PY_METHOD_928e0a874d6371beb8d48ca946526085				false	false	false	false	91	91	POSITIONAL_OR_KEYWORD	false		NONE	false	false	PY_BINDING_f1a8b41826e603227c37ff8722f189ae		SERVICE_VERSION_00000000000000000000000000000000	PY_METHOD_PARAMETER_a47914868fd36660f3f4689260aa1caf
item	1	PY_METHOD_928e0a874d6371beb8d48ca946526085				false	false	false	false	91	91	POSITIONAL_OR_KEYWORD	false		NONE	false	false	PY_BINDING_dfb1ad3b96b39df69ea336db1ed2a3d0		SERVICE_VERSION_00000000000000000000000000000000	PY_METHOD_PARAMETER_e9adcfbb74159bca552c70b3d995e69d
obj	0	PY_METHOD_24c767c50305623afe3059a7fa0aac89				false	false	false	false	96	96	POSITIONAL_OR_KEYWORD	false		NONE	false	false	PY_BINDING_829f122785e0d41f077374c17c07ad32		SERVICE_VERSION_00000000000000000000000000000000	PY_METHOD_PARAMETER_96cfa2b0ee66cfb7d72bb8d72e4b3010
item	1	PY_METHOD_24c767c50305623afe3059a7fa0aac89				false	false	false	false	96	96	POSITIONAL_OR_KEYWORD	false		NONE	false	false	PY_BINDING_d7a34a72eab01934fedf59ec2aa51628		SERVICE_VERSION_00000000000000000000000000000000	PY_METHOD_PARAMETER_6a8244402554bdbe2ec981e40ae3565c
stores	0	PY_METHOD_c8e2492903f1349d8db96aa815d76be0				false	false	false	false	100	100	POSITIONAL_OR_KEYWORD	false		NONE	false	false	PY_BINDING_87c0d0f1239e0e92a386bf3eb75447a7		SERVICE_VERSION_00000000000000000000000000000000	PY_METHOD_PARAMETER_e5d2fc5062ff34788711d48899eaeab8
item	1	PY_METHOD_c8e2492903f1349d8db96aa815d76be0				false	false	false	false	100	100	POSITIONAL_OR_KEYWORD	false		NONE	false	false	PY_BINDING_8035a4d51267a44e8f3f89743d9c34a9		SERVICE_VERSION_00000000000000000000000000000000	PY_METHOD_PARAMETER_db659a8b2f33f2415abf54c355ca18de
flag	0	PY_METHOD_6a4eb4c7be5c44f570a0eb1722975963				false	false	false	false	107	107	POSITIONAL_OR_KEYWORD	false		NONE	false	false	PY_BINDING_703344a345e0d97c0c8600b15de84eff		SERVICE_VERSION_00000000000000000000000000000000	PY_METHOD_PARAMETER_710ac8b9dcc108b6b7fc6dc25e0ef041
item	1	PY_METHOD_6a4eb4c7be5c44f570a0eb1722975963				false	false	false	false	107	107	POSITIONAL_OR_KEYWORD	false		NONE	false	false	PY_BINDING_52e4bba8ec1f84ef525374f784f77b29		SERVICE_VERSION_00000000000000000000000000000000	PY_METHOD_PARAMETER_b9e9d05466546acab8df0b7ee59f054f
owner	0	PY_METHOD_22d246dc6c1c02a93c5abfa3303cbd37				false	false	false	false	12	12	POSITIONAL_OR_KEYWORD	false		NONE	false	false	PY_BINDING_f7051ef9dd89f285668f0ed355878a0c		SERVICE_VERSION_00000000000000000000000000000000	PY_METHOD_PARAMETER_077c2290d67bfb3c331cfb394e355729
owner	0	PY_METHOD_80d94179b1e253759098e913ccd1a0f1				false	false	false	false	17	17	POSITIONAL_OR_KEYWORD	false		NONE	false	false	PY_BINDING_857a8e5b16ebbbdbcdf9bb6921a15266		SERVICE_VERSION_00000000000000000000000000000000	PY_METHOD_PARAMETER_c88704acf1a76025df1eaadd6683931d
owner	0	PY_METHOD_0bd157d1de0fd5fdb5e41493c68a216f				false	false	false	false	22	22	POSITIONAL_OR_KEYWORD	false		NONE	false	false	PY_BINDING_92d4c76984fd0f2bdcee6aedbe63470f		SERVICE_VERSION_00000000000000000000000000000000	PY_METHOD_PARAMETER_dd44aa96e4d473d4e6c43ee148fc66cf
owner	0	PY_METHOD_07797a1ba11d3626a9631e2e767b76df				false	false	false	false	27	27	POSITIONAL_OR_KEYWORD	false		NONE	false	false	PY_BINDING_d6ec2a6d7841610afc0768775f69eb9d		SERVICE_VERSION_00000000000000000000000000000000	PY_METHOD_PARAMETER_eec236033c3d45a0b6566acba7202a51
flag	1	PY_METHOD_07797a1ba11d3626a9631e2e767b76df				false	false	false	false	27	27	POSITIONAL_OR_KEYWORD	false		NONE	false	false	PY_BINDING_1f1a8336838f8759ca56b6b37f2111a4		SERVICE_VERSION_00000000000000000000000000000000	PY_METHOD_PARAMETER_4399c03121010e5b29299cebd4c451db
owner	0	PY_METHOD_94bf6301f05c6dfdb57df3b97a059c27				false	false	false	false	34	34	POSITIONAL_OR_KEYWORD	false		NONE	false	false	PY_BINDING_2eb1fc35a997ed0f520ec9a4ebdccf2f		SERVICE_VERSION_00000000000000000000000000000000	PY_METHOD_PARAMETER_2871ea524ee3d47e6b2ea5aff6ea4b42
flag	1	PY_METHOD_94bf6301f05c6dfdb57df3b97a059c27				false	false	false	false	34	34	POSITIONAL_OR_KEYWORD	false		NONE	false	false	PY_BINDING_9ccfc2d140bfd8b2d81b9282e9b1f8f8		SERVICE_VERSION_00000000000000000000000000000000	PY_METHOD_PARAMETER_f43de23cbdfb85229e6d316de4b2c821
owner	0	PY_METHOD_a44b164c3e7c5b16601544ee778f0a73				false	false	false	false	40	40	POSITIONAL_OR_KEYWORD	false		NONE	false	false	PY_BINDING_d72ff6813a46340f2ad6ba8110e23c9a		SERVICE_VERSION_00000000000000000000000000000000	PY_METHOD_PARAMETER_4f70e008a824d6671c8e90901d58ef5f
self	0	PY_METHOD_cd31b19764a80b4d65d57b7679a5f32e				false	false	false	true	45	45	POSITIONAL_OR_KEYWORD	false		NONE	false	false	PY_BINDING_ef147ea34087dd479d33def7b3225e2e		SERVICE_VERSION_00000000000000000000000000000000	PY_METHOD_PARAMETER_f7b5290a89f6684e67e76583fcc35117
self	0	PY_METHOD_1050c803e48aa243d3e26ebb917549e8				false	false	false	true	48	48	POSITIONAL_OR_KEYWORD	false		NONE	false	false	PY_BINDING_81d46369fffa043016d15a05b6af0f6d		SERVICE_VERSION_00000000000000000000000000000000	PY_METHOD_PARAMETER_d1a1ff199997e06831edbccfacd008cf
self	0	PY_METHOD_eefb7fdb37617f8cd2ec21ca298ec582				false	false	false	true	52	52	POSITIONAL_OR_KEYWORD	false		NONE	false	false	PY_BINDING_4f747912c21ccdadb506f2bf4deb1859		SERVICE_VERSION_00000000000000000000000000000000	PY_METHOD_PARAMETER_499bfd5e50fdd3dfb395bf1834762e6c
owner	1	PY_METHOD_eefb7fdb37617f8cd2ec21ca298ec582				false	false	false	false	52	52	POSITIONAL_OR_KEYWORD	false		NONE	false	false	PY_BINDING_51c08eebc586a513830b909f21004cf4		SERVICE_VERSION_00000000000000000000000000000000	PY_METHOD_PARAMETER_732b9bc081f9bca0c1beceee8c037ca4
self	0	PY_METHOD_48f59d6b7f08c7d7ec6b48a8f094603e				false	false	false	true	55	55	POSITIONAL_OR_KEYWORD	false		NONE	false	false	PY_BINDING_ab5e0db84cf454f43df1cf1d9c4a1bfc		SERVICE_VERSION_00000000000000000000000000000000	PY_METHOD_PARAMETER_f67fb79d2dcacc4542638fa04ea374e0
owner	1	PY_METHOD_48f59d6b7f08c7d7ec6b48a8f094603e				false	false	false	false	55	55	POSITIONAL_OR_KEYWORD	false		NONE	false	false	PY_BINDING_0a08d8b5d3838e5a93cc1489aa2e89cd		SERVICE_VERSION_00000000000000000000000000000000	PY_METHOD_PARAMETER_3e1590ab3a11914caf84e6f63d0e0acf
owner	0	PY_METHOD_057308a5b0883fa667693e149b1b81ed				false	false	false	false	61	61	POSITIONAL_OR_KEYWORD	false		NONE	false	false	PY_BINDING_c37efd64af7bc2c415bce85e72b74d30		SERVICE_VERSION_00000000000000000000000000000000	PY_METHOD_PARAMETER_1f7bae3909b584dec3ea88e4f952e27b
owner	0	PY_METHOD_47dda2e9488d98fcb51f562c1a2499c4				false	false	false	false	65	65	POSITIONAL_OR_KEYWORD	false		NONE	false	false	PY_BINDING_2a1fa5121e6bdb4cd9d7a8eb924867bc		SERVICE_VERSION_00000000000000000000000000000000	PY_METHOD_PARAMETER_7e0c0e56df76e83cd89349d1ac33bf53
owner	0	PY_METHOD_a4e12300d562d20000b2f87d34854a8f				false	false	false	false	69	69	POSITIONAL_OR_KEYWORD	false		NONE	false	false	PY_BINDING_92bb0cb13999dffd7fdcd69d8f1b633e		SERVICE_VERSION_00000000000000000000000000000000	PY_METHOD_PARAMETER_16f8da7c7a5dafc8e5bcd1835fe47b84
owner	0	PY_METHOD_e2c17d2df44d8afae7470b48bff8fa9f				false	false	false	false	78	78	POSITIONAL_OR_KEYWORD	false		NONE	false	false	PY_BINDING_7bf302f014110947a02fab67efb02105		SERVICE_VERSION_00000000000000000000000000000000	PY_METHOD_PARAMETER_46b32cf5a40c68e2364eb5865b66ba2e
owner	0	PY_METHOD_354ae1ff09214090eac15708b27608d6				false	false	false	false	83	83	POSITIONAL_OR_KEYWORD	false		NONE	false	false	PY_BINDING_9f0e72992768f962803d79f76eb5a0d7		SERVICE_VERSION_00000000000000000000000000000000	PY_METHOD_PARAMETER_419b440e689a0d3df3178baaabeaa9c9
self	0	PY_METHOD_c36b8f6b385f8e9cdff6822dc7283177				false	false	false	true	15	15	POSITIONAL_OR_KEYWORD	false		NONE	false	false	PY_BINDING_43eb0c1ae06b9ea0a8c6e0a8f27098b0		SERVICE_VERSION_00000000000000000000000000000000	PY_METHOD_PARAMETER_62363082fa88e208a77c13dd7105a940
self	0	PY_METHOD_b0bc7b1a6ed6a9ff39d9748059a0e7ec				false	false	false	true	19	19	POSITIONAL_OR_KEYWORD	false		NONE	false	false	PY_BINDING_c4641fa61509c429bce81df31303d6ab		SERVICE_VERSION_00000000000000000000000000000000	PY_METHOD_PARAMETER_ac5864321af5bf12d2ea67347e468c8b
account	1	PY_METHOD_b0bc7b1a6ed6a9ff39d9748059a0e7ec				false	false	false	false	19	19	POSITIONAL_OR_KEYWORD	false		NONE	false	false	PY_BINDING_96ba9a0d010ba92cf68a815dbabcb264		SERVICE_VERSION_00000000000000000000000000000000	PY_METHOD_PARAMETER_b6a6f749f52e3ca96f8b272b1e764cc6
self	0	PY_METHOD_b36536cced29c4b1d92367539330fa26				false	false	false	true	24	24	POSITIONAL_OR_KEYWORD	false		NONE	false	false	PY_BINDING_deaa6b9ac8e0f92517be75cd2165e990		SERVICE_VERSION_00000000000000000000000000000000	PY_METHOD_PARAMETER_81c9ff26cef8c1ff9fa4f6aa0e6b2971
self	0	PY_METHOD_a60ed679b49c234b36ba6f409798c9b6				false	false	false	true	36	36	POSITIONAL_OR_KEYWORD	false		NONE	false	false	PY_BINDING_8ad5b85f679536fd7816fe649fc06897		SERVICE_VERSION_00000000000000000000000000000000	PY_METHOD_PARAMETER_bcda716ade2fe0d95d19c23436c5d38e
owner	1	PY_METHOD_a60ed679b49c234b36ba6f409798c9b6				false	false	false	false	36	36	POSITIONAL_OR_KEYWORD	false		NONE	false	false	PY_BINDING_248e49ee997fb560eee10af603873bba		SERVICE_VERSION_00000000000000000000000000000000	PY_METHOD_PARAMETER_cdc9722f80b59e003e633728378cee4d
self	0	PY_METHOD_fca696f5df363dde84b4fc5b5c2da74f				false	false	false	true	42	42	POSITIONAL_OR_KEYWORD	false		NONE	false	false	PY_BINDING_ec551bf23cc55ced142c19b9acc2cd7e		SERVICE_VERSION_00000000000000000000000000000000	PY_METHOD_PARAMETER_e4a7f492ebfa9e113ac81db01774b2ab
other_owner	1	PY_METHOD_fca696f5df363dde84b4fc5b5c2da74f				false	false	false	false	42	42	POSITIONAL_OR_KEYWORD	false		NONE	false	false	PY_BINDING_cbba3d2b25f8f1f6f4e8aa1c665db61f		SERVICE_VERSION_00000000000000000000000000000000	PY_METHOD_PARAMETER_df4181e944223a389bdd3e3121970607
self	0	PY_METHOD_664776b097cc5444b8fb72851bf26ce8				false	false	false	true	47	47	POSITIONAL_OR_KEYWORD	false		NONE	false	false	PY_BINDING_2d895571ed5efb2b369151fbfa8671fa		SERVICE_VERSION_00000000000000000000000000000000	PY_METHOD_PARAMETER_86c935e398792cd2ec8c801f9e6a48e6
self	0	PY_METHOD_d547f058cd0bdae0eb486d679a725fd3				false	false	false	true	52	52	POSITIONAL_OR_KEYWORD	false		NONE	false	false	PY_BINDING_4b5a2d9b0ace784b0ba9e4449cacc960		SERVICE_VERSION_00000000000000000000000000000000	PY_METHOD_PARAMETER_7910b97d0294832c468a740db3dd34ca
self	0	PY_METHOD_7f53c3b8113724585abad9e1ac60d44d				false	false	false	true	56	56	POSITIONAL_OR_KEYWORD	false		NONE	false	false	PY_BINDING_15260fd9c1c8788e96dc472fef029fdf		SERVICE_VERSION_00000000000000000000000000000000	PY_METHOD_PARAMETER_3deb8d063d12132abd66161e5a259a46
self	0	PY_METHOD_d87f70998d9dc2c938e4913dd96b8053				false	false	false	true	59	59	POSITIONAL_OR_KEYWORD	false		NONE	false	false	PY_BINDING_c3fc34c454cd460be3cd3af4e389fc20		SERVICE_VERSION_00000000000000000000000000000000	PY_METHOD_PARAMETER_c4f90473a1e951f1f4048bbf63a7acc0
self	0	PY_METHOD_8357a0bc17497a8ed16633a0256d808e				false	false	false	true	63	63	POSITIONAL_OR_KEYWORD	false		NONE	false	false	PY_BINDING_19e976fbe8b0a0bd451e215487fd76ec		SERVICE_VERSION_00000000000000000000000000000000	PY_METHOD_PARAMETER_2f3078ff73f5c92f5dfd8103f8ac734d
self	0	PY_METHOD_d8340704f3d9b1ccea3d89127eafada3				false	false	false	true	67	67	POSITIONAL_OR_KEYWORD	false		NONE	false	false	PY_BINDING_98d0d1eaef31057357d6bcb3a236f5f1		SERVICE_VERSION_00000000000000000000000000000000	PY_METHOD_PARAMETER_eff402fdcf7e86e69f395425d49425cd
other_owner	1	PY_METHOD_d8340704f3d9b1ccea3d89127eafada3				false	false	false	false	67	67	POSITIONAL_OR_KEYWORD	false		NONE	false	false	PY_BINDING_07db5593a967087e9826291cc3df6dc3		SERVICE_VERSION_00000000000000000000000000000000	PY_METHOD_PARAMETER_66c07b3bcf6f64a9401216a85b783b12
self	0	PY_METHOD_7309058f8192e5a5b971102110a5a82c				false	false	false	true	71	71	POSITIONAL_OR_KEYWORD	false		NONE	false	false	PY_BINDING_5f667a4f2b5c2fdc35e5a2f67f666f57		SERVICE_VERSION_00000000000000000000000000000000	PY_METHOD_PARAMETER_dcd26fe9f4baa8808e09aed85401a8a3
other_owner	1	PY_METHOD_7309058f8192e5a5b971102110a5a82c				false	false	false	false	71	71	POSITIONAL_OR_KEYWORD	false		NONE	false	false	PY_BINDING_e60e270479533b53e3cd17e99f8ffb95		SERVICE_VERSION_00000000000000000000000000000000	PY_METHOD_PARAMETER_22813f794ebab73181aa927559e6e1be
self	0	PY_METHOD_8571a18ca85d9896c540ef588a642065				false	false	false	true	76	76	POSITIONAL_OR_KEYWORD	false		NONE	false	false	PY_BINDING_fac7af7c26f84fd1b385ea8eafdd3d33		SERVICE_VERSION_00000000000000000000000000000000	PY_METHOD_PARAMETER_5469c84764a16708aec416a2ebc6ff4b
amount	1	PY_METHOD_8571a18ca85d9896c540ef588a642065				false	false	false	false	76	76	POSITIONAL_OR_KEYWORD	false		NONE	false	false	PY_BINDING_f1002aceb6b422d232efaffa048a05b7		SERVICE_VERSION_00000000000000000000000000000000	PY_METHOD_PARAMETER_af7b14a0a1a1617c490e30e752b1e6f8
self	0	PY_METHOD_82e734bce535c2c10bb4d5c6c886e377				false	false	false	true	81	81	POSITIONAL_OR_KEYWORD	false		NONE	false	false	PY_BINDING_22b87472c71e42530373874b7ea7f4e0		SERVICE_VERSION_00000000000000000000000000000000	PY_METHOD_PARAMETER_b67073087d5c5db9b29384c9863b7312
account	1	PY_METHOD_82e734bce535c2c10bb4d5c6c886e377				false	false	false	false	81	81	POSITIONAL_OR_KEYWORD	false		NONE	false	false	PY_BINDING_be4bbb58cfcb021d4ca6ef308d24d915		SERVICE_VERSION_00000000000000000000000000000000	PY_METHOD_PARAMETER_da81ac56bc65f697e6273d4cf0629be9
self	0	PY_METHOD_ac3f95379f2486724063e97d9b5c47b6				false	false	false	true	90	90	POSITIONAL_OR_KEYWORD	false		NONE	false	false	PY_BINDING_703489af43b0dc9bb966a2bd4646133f		SERVICE_VERSION_00000000000000000000000000000000	PY_METHOD_PARAMETER_781b5bbb3934b67c9e344ccd8c1f3273
self	0	PY_METHOD_888ba1593d1e84b09738bd910fdfe7d2				false	false	false	true	95	95	POSITIONAL_OR_KEYWORD	false		NONE	false	false	PY_BINDING_54b1c451dbf51770ebae6e68bc996745		SERVICE_VERSION_00000000000000000000000000000000	PY_METHOD_PARAMETER_c8b0178e100b0b0e53a2f797f5ce5385
self	0	PY_METHOD_214efe28dc6d392475520d1d5cd22b8b				false	false	false	true	98	98	POSITIONAL_OR_KEYWORD	false		NONE	false	false	PY_BINDING_8e9a83ae87d177d43d6b2444f0c562f4		SERVICE_VERSION_00000000000000000000000000000000	PY_METHOD_PARAMETER_d702ca484285b8792ddb1321186983d6
owner	1	PY_METHOD_214efe28dc6d392475520d1d5cd22b8b				false	false	false	false	98	98	POSITIONAL_OR_KEYWORD	false		NONE	false	false	PY_BINDING_ecf45028071c515150a1ca22d0d49a60		SERVICE_VERSION_00000000000000000000000000000000	PY_METHOD_PARAMETER_ff2a1a1fb80b61e6ef94036fa9ccb840
owner	0	PY_METHOD_6a85cd680925c2f05e76e80bda970da7				false	false	false	false	104	104	POSITIONAL_OR_KEYWORD	false		NONE	false	false	PY_BINDING_7126d97f51a0c9d82d47e44d69f9c2ee		SERVICE_VERSION_00000000000000000000000000000000	PY_METHOD_PARAMETER_f95880ff79bfd791e88cadb976a46ada
service	0	PY_METHOD_5c63d83dba886a8074d589d1bede0a00				false	false	false	false	109	109	POSITIONAL_OR_KEYWORD	false		NONE	false	false	PY_BINDING_ab8b496b1f64d0b246c978581a840a58		SERVICE_VERSION_00000000000000000000000000000000	PY_METHOD_PARAMETER_dbc9e6e0eb0b771a792fcdd5795f0283
account	0	PY_METHOD_2e5eaf575119985a49af4ab5c1965db1	Account	Account	pkg.models.Account	false	false	false	false	15	15	POSITIONAL_OR_KEYWORD	false		NONE	false	false	PY_BINDING_ea818fec471f9fcd193f3a0ccfb8178b		SERVICE_VERSION_00000000000000000000000000000000	PY_METHOD_PARAMETER_e22623d22342f54abf577c62fe561505
ledger	1	PY_METHOD_2e5eaf575119985a49af4ab5c1965db1	Ledger	Ledger	pkg.models.Ledger	false	false	false	false	15	15	POSITIONAL_OR_KEYWORD	false		NONE	false	false	PY_BINDING_218fb6e6a493bc83db5a54dad0309933		SERVICE_VERSION_00000000000000000000000000000000	PY_METHOD_PARAMETER_845cbee3fe75bc0d90c78b730b5a5346
count	2	PY_METHOD_2e5eaf575119985a49af4ab5c1965db1	int	int		false	false	false	false	15	15	POSITIONAL_OR_KEYWORD	false		NONE	false	false	PY_BINDING_56850e44f076aec82c0f9684bf6f8b17		SERVICE_VERSION_00000000000000000000000000000000	PY_METHOD_PARAMETER_933b55c503689da657b14ef4b073a2d6
account	0	PY_METHOD_f558aabfa6800bc64e2a06dd58737257	Optional	Optional[Account]		false	false	false	false	21	21	POSITIONAL_OR_KEYWORD	false		NONE	false	false	PY_BINDING_768b9a770adb57bb100e2f5128444579		SERVICE_VERSION_00000000000000000000000000000000	PY_METHOD_PARAMETER_57020863a1aa3e2ead3afe058527e334
value	0	PY_METHOD_59c08f568968fd88e747104912c7cd2e	Union	Union[Account, Ledger]		false	false	false	false	28	28	POSITIONAL_OR_KEYWORD	false		NONE	false	false	PY_BINDING_4b086fac8a56577a4c8f816d2e563f64		SERVICE_VERSION_00000000000000000000000000000000	PY_METHOD_PARAMETER_81e6049bbded988c62654a0cd2e9fd5e
rows	0	PY_METHOD_5c48b9f9970f88bf43555f1afeeefdb9	Dict	Dict[str, List[Account]]		false	false	false	false	32	32	POSITIONAL_OR_KEYWORD	false		NONE	false	false	PY_BINDING_a0afb8d3e31b4ee44108fd3d3db9d8ba		SERVICE_VERSION_00000000000000000000000000000000	PY_METHOD_PARAMETER_085af3457911dea480f9a6ef45666346
fn	0	PY_METHOD_2e3cb8ea24de391bafbdd2d2eb607239	Callable	Callable[[int], int]		false	false	false	false	40	40	POSITIONAL_OR_KEYWORD	false		NONE	false	false	PY_BINDING_91fa40a9608e7f878ebb4b2234a42c5e		SERVICE_VERSION_00000000000000000000000000000000	PY_METHOD_PARAMETER_3c171505b06b92154797fbe35801b2ef
seed	1	PY_METHOD_2e3cb8ea24de391bafbdd2d2eb607239	int	int		false	false	false	false	40	40	POSITIONAL_OR_KEYWORD	false		NONE	false	false	PY_BINDING_a30bd8cf6ae42e530f98de5dde173f0d		SERVICE_VERSION_00000000000000000000000000000000	PY_METHOD_PARAMETER_0c6f74fe8417d55df88035e9cc5380db
other	0	PY_METHOD_aab1f0b774c67ab143a402cbc51b2076	"""Account"""	"""Account"""		false	false	false	false	44	44	POSITIONAL_OR_KEYWORD	false		NONE	false	true	PY_BINDING_6495df84d59c181c2de7a46b760ec084		SERVICE_VERSION_00000000000000000000000000000000	PY_METHOD_PARAMETER_b6cd710851e4cbe6ef6d23de8594b9b3
value	0	PY_METHOD_ed15f5d164195d11b19c8e0d4be9f526				false	false	false	false	58	58	POSITIONAL_OR_KEYWORD	false		NONE	false	false	PY_BINDING_7befec2e6ac012ddb2cadbe99f34f5c0		SERVICE_VERSION_00000000000000000000000000000000	PY_METHOD_PARAMETER_bd7f0c9c8c03c6622d97026d8e42435c
value	0	PY_METHOD_8397d12dc4718180cf361cdc333aae0e				false	false	false	false	67	67	POSITIONAL_OR_KEYWORD	false		NONE	false	false	PY_BINDING_a69f3c67d1dfcfb7c53e132ae3fd6479		SERVICE_VERSION_00000000000000000000000000000000	PY_METHOD_PARAMETER_965a783f25054bca6a48ebdfbdd8d264
value	0	PY_METHOD_907c7cd92a6c9db6a00f1b11aabe66a7				false	false	false	false	73	73	POSITIONAL_OR_KEYWORD	false		NONE	false	false	PY_BINDING_672fff01b45d791f19d65288c83280d5		SERVICE_VERSION_00000000000000000000000000000000	PY_METHOD_PARAMETER_f73bee7a022198a59247301ca85c67f3
klass	0	PY_METHOD_2522902c1ab3b711e5775bc48ceb4d20				false	false	false	false	80	80	POSITIONAL_OR_KEYWORD	false		NONE	false	false	PY_BINDING_a78bd8c2bca91eddf69b6f4d2f9425af		SERVICE_VERSION_00000000000000000000000000000000	PY_METHOD_PARAMETER_785f0f52c8373fcf471d632d523c8d5a
value	0	PY_METHOD_6d07a68423da7067dc5ba5e1ec143db8				false	false	false	false	86	86	POSITIONAL_OR_KEYWORD	false		NONE	false	false	PY_BINDING_6a4abad98dd0d291cfe475a5b9fd8281		SERVICE_VERSION_00000000000000000000000000000000	PY_METHOD_PARAMETER_b9c54740866d43176e0d54a08b60772a
value	0	PY_METHOD_dd3957b77851d716b7194f515c33f90c	Any	Any		false	false	false	false	92	92	POSITIONAL_OR_KEYWORD	false		NONE	false	false	PY_BINDING_ab3ecb3b4781bdba4f126885843b0d96		SERVICE_VERSION_00000000000000000000000000000000	PY_METHOD_PARAMETER_ed93f6c1fd9a2b46c6a762cc7cd4e705
path	0	PY_METHOD_b82e02e2aeaea73018fe8eab75dc0e51				false	false	false	false	97	97	POSITIONAL_OR_KEYWORD	false		NONE	false	false	PY_BINDING_fffac507b85462b0a04957b9f0aec6f0		SERVICE_VERSION_00000000000000000000000000000000	PY_METHOD_PARAMETER_3cc7fa7bfafb791d7144819de8f4c021
self	0	PY_METHOD_9411cad7a6105212e125b90b6fc3da16				false	false	false	true	114	114	POSITIONAL_OR_KEYWORD	false		NONE	false	false	PY_BINDING_2edc0a01a161f210d3318061e963c534		SERVICE_VERSION_00000000000000000000000000000000	PY_METHOD_PARAMETER_f2a2bfc87c1f58828f23971f446030a4
name	1	PY_METHOD_9411cad7a6105212e125b90b6fc3da16	str	str		false	false	false	false	114	114	POSITIONAL_OR_KEYWORD	false		NONE	false	false	PY_BINDING_4a88d3e68d901f4c8b0e312c54080ba5		SERVICE_VERSION_00000000000000000000000000000000	PY_METHOD_PARAMETER_04dbad90dc48c6f9c10982647f21865a
