name	fieldTypeName	fieldBaseType	potentialQualifiedName	isAmbiguous	filePath	startLine	endLine	pyTypeLinkHash	ownerTypeName	ownerQualifiedName	fieldAccess	fieldModifier	fieldOrigin	declaringMethodLinkHash	receiverName	isDeclaredInInit	writeCount	writtenInMethodCount	firstWriteLine	hasAnnotation	annotationIsString	initializerText	initializerKind	pyModuleLinkHash	bindingLinkHash	pyExpressionLinkHash	serviceVersionLinkHash	pyFieldUniqueHash
registry				false	call_site_shapes.py	11	11	PY_TYPE_89132fdbeb8e0dd6e92a9fd413a40f2a	Widget	call_site_shapes.Widget	PUBLIC_ACCESS	CLASS_VAR,READ_ONLY	CLASS_BODY_ASSIGN			false	1	0	11	false	false	{}	LITERAL	PY_MODULE_4aae2613b4da1ab193c5ea488a873480	PY_BINDING_836fba15a7b0be5978df0bca5e57fe2f	PY_EXPRESSION_c821226f1f1657f404b7a85fc4ceb095	SERVICE_VERSION_00000000000000000000000000000000	PY_FIELD_0d5d91b9cb0bd65397e66f0f5c199946
name				false	call_site_shapes.py	14	14	PY_TYPE_89132fdbeb8e0dd6e92a9fd413a40f2a	Widget	call_site_shapes.Widget	PUBLIC_ACCESS	INSTANCE_VAR,READ_ONLY	SELF_ASSIGN	PY_METHOD_6f4c37f04330de911c5a2a714cde6ada	self	true	1	1	14	false	false	name	NAME	PY_MODULE_4aae2613b4da1ab193c5ea488a873480		PY_EXPRESSION_78e21060679ed39d8fef732de6256c18	SERVICE_VERSION_00000000000000000000000000000000	PY_FIELD_dbaeb83d98c6fd788c6075589f932d23
children				false	call_site_shapes.py	15	15	PY_TYPE_89132fdbeb8e0dd6e92a9fd413a40f2a	Widget	call_site_shapes.Widget	PUBLIC_ACCESS	INSTANCE_VAR,READ_ONLY	SELF_ASSIGN	PY_METHOD_6f4c37f04330de911c5a2a714cde6ada	self	true	1	1	15	false	false	[]	LITERAL	PY_MODULE_4aae2613b4da1ab193c5ea488a873480		PY_EXPRESSION_f129bc5f05e818743d6e20c48ab47c1a	SERVICE_VERSION_00000000000000000000000000000000	PY_FIELD_68f18956f8ee7bad66d9804ab5889f99
field				false	integration_service_layer.py	21	21	PY_TYPE_954bd0ecfee39ac0c063e703d356e3a5	ValidationError	integration_service_layer.ValidationError	PUBLIC_ACCESS	INSTANCE_VAR,READ_ONLY	SELF_ASSIGN	PY_METHOD_77c3686c61f40ebcffd88460909eda13	self	true	1	1	21	false	false	field	NAME	PY_MODULE_26d35b2196b998f00bc6fe14819c7c1e		PY_EXPRESSION_0cd88ff7643e242dd6aef909722800aa	SERVICE_VERSION_00000000000000000000000000000000	PY_FIELD_ab3bbe1f426645e2d667ba7354167a61
message				false	integration_service_layer.py	22	22	PY_TYPE_954bd0ecfee39ac0c063e703d356e3a5	ValidationError	integration_service_layer.ValidationError	PUBLIC_ACCESS	INSTANCE_VAR,READ_ONLY	SELF_ASSIGN	PY_METHOD_77c3686c61f40ebcffd88460909eda13	self	true	1	1	22	false	false	message	NAME	PY_MODULE_26d35b2196b998f00bc6fe14819c7c1e		PY_EXPRESSION_0e49f699c375e5d64ba1d0fb26bbcf1c	SERVICE_VERSION_00000000000000000000000000000000	PY_FIELD_5c2bff358e930a71a461f5f9e3bad5cc
MIN_AMOUNT				false	integration_service_layer.py	26	26	PY_TYPE_9deedaea90d20e656e8c801aca75c5ee	AccountValidator	integration_service_layer.AccountValidator	PUBLIC_ACCESS	CLASS_VAR,READ_ONLY	CLASS_BODY_ASSIGN			false	1	0	26	false	false	1	LITERAL	PY_MODULE_26d35b2196b998f00bc6fe14819c7c1e	PY_BINDING_c20b65ad06df486247ed15e164cff041	PY_EXPRESSION_a3d8334f3ff3a7f25cc0bd61c8105617	SERVICE_VERSION_00000000000000000000000000000000	PY_FIELD_72484fd7fc4f3a81247f2d05ad774490
errors				false	integration_service_layer.py	29	29	PY_TYPE_9deedaea90d20e656e8c801aca75c5ee	AccountValidator	integration_service_layer.AccountValidator	PUBLIC_ACCESS	INSTANCE_VAR,READ_ONLY	SELF_ASSIGN	PY_METHOD_a06737389772974f0644c675d63ff603	self	true	1	1	29	false	false	[]	LITERAL	PY_MODULE_26d35b2196b998f00bc6fe14819c7c1e		PY_EXPRESSION_b8ab68ec54b64cfb837d741814b01d2c	SERVICE_VERSION_00000000000000000000000000000000	PY_FIELD_a37c40e4ac03a77b2f77318ee54ed7f0
ledger				false	integration_service_layer.py	45	45	PY_TYPE_dff12876742058f9582b3f3848aa5392	TransferService	integration_service_layer.TransferService	PUBLIC_ACCESS	INSTANCE_VAR,READ_ONLY	SELF_ASSIGN	PY_METHOD_abfce174106901a960c915c66b87a856	self	true	1	1	45	false	false	ledger if ledger is not None else Ledger()	UNKNOWN	PY_MODULE_26d35b2196b998f00bc6fe14819c7c1e		PY_EXPRESSION_517b1bb9a17610c48ce3df00c6dbb1cb	SERVICE_VERSION_00000000000000000000000000000000	PY_FIELD_e2ca0aa1879fcd8b6cce6dddbd0e3176
validator				false	integration_service_layer.py	46	46	PY_TYPE_dff12876742058f9582b3f3848aa5392	TransferService	integration_service_layer.TransferService	PUBLIC_ACCESS	INSTANCE_VAR,READ_ONLY	SELF_ASSIGN	PY_METHOD_abfce174106901a960c915c66b87a856	self	true	1	1	46	false	false	AccountValidator()	CALL	PY_MODULE_26d35b2196b998f00bc6fe14819c7c1e		PY_EXPRESSION_b33b626e90e6f18538e642fda88607c3	SERVICE_VERSION_00000000000000000000000000000000	PY_FIELD_50c11b3c186cfd3cd9b11c4b7a6b4f9f
completed				false	integration_service_layer.py	47	47	PY_TYPE_dff12876742058f9582b3f3848aa5392	TransferService	integration_service_layer.TransferService	PUBLIC_ACCESS	INSTANCE_VAR,READ_ONLY	SELF_ASSIGN	PY_METHOD_abfce174106901a960c915c66b87a856	self	true	1	1	47	false	false	0	LITERAL	PY_MODULE_26d35b2196b998f00bc6fe14819c7c1e		PY_EXPRESSION_52e633cc355d65756947083518513e5d	SERVICE_VERSION_00000000000000000000000000000000	PY_FIELD_3856f82bca2e60b70ea23bea11d99100
completed				false	integration_service_layer.py	71	71	PY_TYPE_dff12876742058f9582b3f3848aa5392	TransferService	integration_service_layer.TransferService	PUBLIC_ACCESS	INSTANCE_VAR	SELF_AUGASSIGN	PY_METHOD_a4f44c51e1252db01cd41953f6bb0547	self	false	1	1	71	false	false		NONE	PY_MODULE_26d35b2196b998f00bc6fe14819c7c1e		PY_EXPRESSION_a903c2470c52c57aeb10d45ba3c262ac	SERVICE_VERSION_00000000000000000000000000000000	PY_FIELD_3589c15beb7d7e509fb9719546c503d3
owner				false	pkg/models.py	7	7	PY_TYPE_160aee5ca584e3817b8783b4e148e2a8	Account	pkg.models.Account	PUBLIC_ACCESS	INSTANCE_VAR,READ_ONLY	SELF_ASSIGN	PY_METHOD_dc6277195e51a441e745d86113d605f7	self	true	1	1	7	false	false	owner	NAME	PY_MODULE_8cbfa051f91ccce50d30f3a888c9a1c4		PY_EXPRESSION_3378f5d0e7d42f3a8857ef19e9249379	SERVICE_VERSION_00000000000000000000000000000000	PY_FIELD_2270811be1fe998c8f73306922746434
_balance				false	pkg/models.py	8	15	PY_TYPE_160aee5ca584e3817b8783b4e148e2a8	Account	pkg.models.Account	PROTECTED_ACCESS	INSTANCE_VAR	SELF_ASSIGN	PY_METHOD_dc6277195e51a441e745d86113d605f7	self	true	3	3	8	false	false	0	LITERAL	PY_MODULE_8cbfa051f91ccce50d30f3a888c9a1c4		PY_EXPRESSION_f7eef4237aee9feb507e5d990b7f8a60	SERVICE_VERSION_00000000000000000000000000000000	PY_FIELD_500ec2c584ef70fea5f9b50440d54689
entries				false	pkg/models.py	24	24	PY_TYPE_65c006b7dc1da8d5b431a90353733207	Ledger	pkg.models.Ledger	PUBLIC_ACCESS	INSTANCE_VAR,READ_ONLY	SELF_ASSIGN	PY_METHOD_5764aa80b833351d5a0f492138499490	self	true	1	1	24	false	false	[]	LITERAL	PY_MODULE_8cbfa051f91ccce50d30f3a888c9a1c4		PY_EXPRESSION_5264387550fe2d25ca004503d9d3f2fe	SERVICE_VERSION_00000000000000000000000000000000	PY_FIELD_3b2cb152f46c84bb0f430b9e30f6610b
inner				false	polymorphism_reduction.py	43	43	PY_TYPE_da43161140a5bb188ac8c981c1e5649e	CachingStore	polymorphism_reduction.CachingStore	PUBLIC_ACCESS	INSTANCE_VAR,READ_ONLY	SELF_ASSIGN	PY_METHOD_98e52aa34217d6b1ae6a4d2e40799911	self	true	1	1	43	false	false	inner	NAME	PY_MODULE_ce17961cb9b5fed9cec337ad16f99cf3		PY_EXPRESSION_99900b2a171424f23e85b913b12ce6b0	SERVICE_VERSION_00000000000000000000000000000000	PY_FIELD_96e8fefc595fe00a14b6d0d80d3930c4
ledger				false	return_flow_and_chaining.py	45	45	PY_TYPE_bd74adf854f8871ae083bf79ff6a67b9	Service	return_flow_and_chaining.Service	PUBLIC_ACCESS	INSTANCE_VAR,READ_ONLY	SELF_ASSIGN	PY_METHOD_cd31b19764a80b4d65d57b7679a5f32e	self	true	1	1	45	false	false	Ledger()	CALL	PY_MODULE_9c9f1480da13fb17657d9fde537a37e0		PY_EXPRESSION_b552220aeb147a411c206d4c3bfaa2fe	SERVICE_VERSION_00000000000000000000000000000000	PY_FIELD_0c26abeb768d28a75ccd0989677c9063
ledger				false	self_and_attribute_chains.py	15	15	PY_TYPE_cae958ca255fa5164c7794954b62fdaa	Repository	self_and_attribute_chains.Repository	PUBLIC_ACCESS	INSTANCE_VAR,READ_ONLY	SELF_ASSIGN	PY_METHOD_c36b8f6b385f8e9cdff6822dc7283177	self	true	1	1	15	false	false	Ledger()	CALL	PY_MODULE_47972cfb252e2f1acae1bbbe05a0ad79		PY_EXPRESSION_79df65242aa8a161ba879cd86fedcf80	SERVICE_VERSION_00000000000000000000000000000000	PY_FIELD_3fc3aecef74603ad36271e369113bfc7
cache				false	self_and_attribute_chains.py	16	16	PY_TYPE_cae958ca255fa5164c7794954b62fdaa	Repository	self_and_attribute_chains.Repository	PUBLIC_ACCESS	INSTANCE_VAR,READ_ONLY	SELF_ASSIGN	PY_METHOD_c36b8f6b385f8e9cdff6822dc7283177	self	true	1	1	16	false	false	{}	LITERAL	PY_MODULE_47972cfb252e2f1acae1bbbe05a0ad79		PY_EXPRESSION_f8c971f8a6991bd63e2fa00c257204b1	SERVICE_VERSION_00000000000000000000000000000000	PY_FIELD_bf0054fa3c616661ffc56ec886d9dcf6
repo				false	self_and_attribute_chains.py	36	36	PY_TYPE_e6f0886e1ee43ec949057e681defe894	Service	self_and_attribute_chains.Service	PUBLIC_ACCESS	INSTANCE_VAR,READ_ONLY	SELF_ASSIGN	PY_METHOD_a60ed679b49c234b36ba6f409798c9b6	self	true	1	1	36	false	false	Repository()	CALL	PY_MODULE_47972cfb252e2f1acae1bbbe05a0ad79		PY_EXPRESSION_7c66e13117a8889298e17fee4ce11cd0	SERVICE_VERSION_00000000000000000000000000000000	PY_FIELD_fef4c0419d351f1f74d8fe2c1cce11bc
owner				false	self_and_attribute_chains.py	37	37	PY_TYPE_e6f0886e1ee43ec949057e681defe894	Service	self_and_attribute_chains.Service	PUBLIC_ACCESS	INSTANCE_VAR,READ_ONLY	SELF_ASSIGN	PY_METHOD_a60ed679b49c234b36ba6f409798c9b6	self	true	1	1	37	false	false	owner	NAME	PY_MODULE_47972cfb252e2f1acae1bbbe05a0ad79		PY_EXPRESSION_264b2223a5a4fa44660250ef927520cf	SERVICE_VERSION_00000000000000000000000000000000	PY_FIELD_da4786f6733b5073f73fbe23c6222d40
primary				false	self_and_attribute_chains.py	38	48	PY_TYPE_e6f0886e1ee43ec949057e681defe894	Service	self_and_attribute_chains.Service	PUBLIC_ACCESS	INSTANCE_VAR	SELF_ASSIGN	PY_METHOD_a60ed679b49c234b36ba6f409798c9b6	self	true	2	2	38	false	false	Account(owner)	CALL	PY_MODULE_47972cfb252e2f1acae1bbbe05a0ad79		PY_EXPRESSION_5360c851147f7845d7b47b9d609fae03	SERVICE_VERSION_00000000000000000000000000000000	PY_FIELD_1aa4c119e23cd1064c922a472f48d303
audit				true	self_and_attribute_chains.py	39	49	PY_TYPE_e6f0886e1ee43ec949057e681defe894	Service	self_and_attribute_chains.Service	PUBLIC_ACCESS	INSTANCE_VAR	SELF_ASSIGN	PY_METHOD_a60ed679b49c234b36ba6f409798c9b6	self	true	2	2	39	false	false	None	LITERAL	PY_MODULE_47972cfb252e2f1acae1bbbe05a0ad79		PY_EXPRESSION_f4126b8f73c975be5f7b7ccf1091995f	SERVICE_VERSION_00000000000000000000000000000000	PY_FIELD_4f0a7463129599ae1011256b651662d1
secondary				false	self_and_attribute_chains.py	43	43	PY_TYPE_e6f0886e1ee43ec949057e681defe894	Service	self_and_attribute_chains.Service	PUBLIC_ACCESS	INSTANCE_VAR,READ_ONLY	SELF_ASSIGN	PY_METHOD_fca696f5df363dde84b4fc5b5c2da74f	self	false	1	1	43	false	false	Account(other_owner)	CALL	PY_MODULE_47972cfb252e2f1acae1bbbe05a0ad79		PY_EXPRESSION_b6e339f84c90f73f67da727315ae285f	SERVICE_VERSION_00000000000000000000000000000000	PY_FIELD_a1f5dc4d7b2b57ebd24c9504d6372210
counter				false	self_and_attribute_chains.py	76	76	PY_TYPE_e6f0886e1ee43ec949057e681defe894	Service	self_and_attribute_chains.Service	PUBLIC_ACCESS	INSTANCE_VAR,READ_ONLY	SELF_ASSIGN	PY_METHOD_8571a18ca85d9896c540ef588a642065	self	false	1	1	76	false	false	0	LITERAL	PY_MODULE_47972cfb252e2f1acae1bbbe05a0ad79		PY_EXPRESSION_d304d55682f20ead22d373441bc4245f	SERVICE_VERSION_00000000000000000000000000000000	PY_FIELD_b801c81a3b7f9b236aba2e1e80a7c661
counter				false	self_and_attribute_chains.py	77	77	PY_TYPE_e6f0886e1ee43ec949057e681defe894	Service	self_and_attribute_chains.Service	PUBLIC_ACCESS	INSTANCE_VAR	SELF_AUGASSIGN	PY_METHOD_8571a18ca85d9896c540ef588a642065	self	false	1	1	77	false	false		NONE	PY_MODULE_47972cfb252e2f1acae1bbbe05a0ad79		PY_EXPRESSION_e430cede75c24cccafc2bb0974b98dc4	SERVICE_VERSION_00000000000000000000000000000000	PY_FIELD_cbacd87985458dcb20c3af668f9f5d38
name	str	str	type_references_and_narrowing.AnnotatedFields.name	false	type_references_and_narrowing.py	109	109	PY_TYPE_e8071789019fd5c244e78bd8d39766bd	AnnotatedFields	type_references_and_narrowing.AnnotatedFields	PUBLIC_ACCESS	CLASS_VAR,READ_ONLY	CLASS_BODY_ANNOTATION_ONLY			false	1	0	109	true	false		NONE	PY_MODULE_ff0e72e19cc67a1292b8a3fd0cadecff	PY_BINDING_7f8fe4a284d0de173648ca45048356c7	PY_EXPRESSION_8837d482a5ecb8156f85ba9c632bbd40	SERVICE_VERSION_00000000000000000000000000000000	PY_FIELD_9d3a4b151fbb6376c7b08b3632c0a093
count	int	int	type_references_and_narrowing.AnnotatedFields.count	false	type_references_and_narrowing.py	110	110	PY_TYPE_e8071789019fd5c244e78bd8d39766bd	AnnotatedFields	type_references_and_narrowing.AnnotatedFields	PUBLIC_ACCESS	CLASS_VAR,READ_ONLY	CLASS_BODY_ASSIGN			false	1	0	110	true	false	0	LITERAL	PY_MODULE_ff0e72e19cc67a1292b8a3fd0cadecff	PY_BINDING_412ac1980bece9e4555325365b015aeb	PY_EXPRESSION_87ca97cd45dca0c62ef8c5dcbb4a6fc1	SERVICE_VERSION_00000000000000000000000000000000	PY_FIELD_aa5c053e8cd4077d8f819b7ddc654e66
ledger	Ledger	Ledger	type_references_and_narrowing.AnnotatedFields.ledger	false	type_references_and_narrowing.py	111	111	PY_TYPE_e8071789019fd5c244e78bd8d39766bd	AnnotatedFields	type_references_and_narrowing.AnnotatedFields	PUBLIC_ACCESS	CLASS_VAR,READ_ONLY	CLASS_BODY_ASSIGN			false	1	0	111	true	false	Ledger()	CALL	PY_MODULE_ff0e72e19cc67a1292b8a3fd0cadecff	PY_BINDING_43ded17d4d56e54c3291e4b1b0f2121f	PY_EXPRESSION_3e0b7a28b2fbdf79d83be59d2c209b02	SERVICE_VERSION_00000000000000000000000000000000	PY_FIELD_195732441ba9c72f5f6337171eec2317
name				false	type_references_and_narrowing.py	114	114	PY_TYPE_e8071789019fd5c244e78bd8d39766bd	AnnotatedFields	type_references_and_narrowing.AnnotatedFields	PUBLIC_ACCESS	INSTANCE_VAR,READ_ONLY	SELF_ASSIGN	PY_METHOD_9411cad7a6105212e125b90b6fc3da16	self	true	1	1	114	false	false	name	NAME	PY_MODULE_ff0e72e19cc67a1292b8a3fd0cadecff		PY_EXPRESSION_1e110479d6145a5431862d605928a168	SERVICE_VERSION_00000000000000000000000000000000	PY_FIELD_0b9707a3bbdfebae30a106fd6e35f97d
primary	Account	Account	type_references_and_narrowing.AnnotatedFields.primary	false	type_references_and_narrowing.py	115	115	PY_TYPE_e8071789019fd5c244e78bd8d39766bd	AnnotatedFields	type_references_and_narrowing.AnnotatedFields	PUBLIC_ACCESS	INSTANCE_VAR,READ_ONLY	SELF_ASSIGN	PY_METHOD_9411cad7a6105212e125b90b6fc3da16	self	true	1	1	115	true	false	Account(name)	CALL	PY_MODULE_ff0e72e19cc67a1292b8a3fd0cadecff		PY_EXPRESSION_67b44b1f9929486630297aa792559ac6	SERVICE_VERSION_00000000000000000000000000000000	PY_FIELD_4cd4bf4fd0a21faa5cad4f5ac442913a
