name	qualifiedName	fileName	typeCategory	typeAccess	typeModifier	typePlacement	filePath	baseMservPath	startLine	endLine	isExternal	pyModuleLinkHash	enclosingTypeLinkHash	enclosingMethodLinkHash	scopeLinkHash	classInitMethodLinkHash	declaringBindingLinkHash	metaclassName	baseCount	hasDynamicBase	mroKind	docstring	serviceVersionLinkHash	pyTypeUniqueHash
Widget	call_site_shapes.Widget	call_site_shapes.py	CLASS_TYPE	PUBLIC_ACCESS		TOP_LEVEL_PLACEMENT	call_site_shapes.py	/repo	11	52	false	PY_MODULE_4aae2613b4da1ab193c5ea488a873480			PY_SCOPE_418a92849be2784b0f0d2c64d8aec25d	PY_METHOD_ae5bb3fde49a04de6c5e6a6dd543d77e	PY_BINDING_2175f8c20617e78307fe66633c6e6139		0	false	IMPLICIT_OBJECT		SERVICE_VERSION_00000000000000000000000000000000	PY_TYPE_89132fdbeb8e0dd6e92a9fd413a40f2a
ValidationError	integration_service_layer.ValidationError	integration_service_layer.py	EXCEPTION_CLASS_TYPE	PUBLIC_ACCESS		TOP_LEVEL_PLACEMENT	integration_service_layer.py	/repo	19	23	false	PY_MODULE_26d35b2196b998f00bc6fe14819c7c1e			PY_SCOPE_14270ea36aecefc8ff71733b2ae27407	PY_METHOD_f87a5e03ae209ae0e778e7e095593fcd	PY_BINDING_5efc7d967818e5ff8228430f110ca717		1	false	SINGLE_INHERITANCE		SERVICE_VERSION_00000000000000000000000000000000	PY_TYPE_954bd0ecfee39ac0c063e703d356e3a5
AccountValidator	integration_service_layer.AccountValidator	integration_service_layer.py	CLASS_TYPE	PUBLIC_ACCESS		TOP_LEVEL_PLACEMENT	integration_service_layer.py	/repo	26	41	false	PY_MODULE_26d35b2196b998f00bc6fe14819c7c1e			PY_SCOPE_0c25c7fd07b5354c42f71ff4d7c1e384	PY_METHOD_1e8f6ed75d03a6540fb8046c56e26610	PY_BINDING_3fa8f59d9bb35a930e4e1edccf566443		0	false	IMPLICIT_OBJECT		SERVICE_VERSION_00000000000000000000000000000000	PY_TYPE_9deedaea90d20e656e8c801aca75c5ee
TransferService	integration_service_layer.TransferService	integration_service_layer.py	CLASS_TYPE	PUBLIC_ACCESS		TOP_LEVEL_PLACEMENT	integration_service_layer.py	/repo	44	98	false	PY_MODULE_26d35b2196b998f00bc6fe14819c7c1e			PY_SCOPE_d340d2d0dceeb5567668aba983c3e9cc	PY_METHOD_e3a5ca982cbef6c812ab1b5d59760aec	PY_BINDING_e87d2580d705cf955365e10270b55b05		0	false	IMPLICIT_OBJECT		SERVICE_VERSION_00000000000000000000000000000000	PY_TYPE_dff12876742058f9582b3f3848aa5392
Account	pkg.models.Account	models.py	CLASS_TYPE	PUBLIC_ACCESS		TOP_LEVEL_PLACEMENT	pkg/models.py	/repo	4	20	false	PY_MODULE_8cbfa051f91ccce50d30f3a888c9a1c4			PY_SCOPE_a37d46567f5ae891133263a4fd94c2b8	PY_METHOD_29cfd01704760a497a4e12818e37e4a0	PY_BINDING_c9e6db907f610509cae2d8e8627f60c9		0	false	IMPLICIT_OBJECT	Target of cross-module resolution from several other fixtures.	SERVICE_VERSION_00000000000000000000000000000000	PY_TYPE_160aee5ca584e3817b8783b4e148e2a8
Ledger	pkg.models.Ledger	models.py	CLASS_TYPE	PUBLIC_ACCESS		TOP_LEVEL_PLACEMENT	pkg/models.py	/repo	23	37	false	PY_MODULE_8cbfa051f91ccce50d30f3a888c9a1c4			PY_SCOPE_58b4434ddb16dffbfb6aac7cfc23d254	PY_METHOD_867240d2b089adaab826e45f6145dc7a	PY_BINDING_cc3820589f05b86b48574b7c77f9a288		0	false	IMPLICIT_OBJECT		SERVICE_VERSION_00000000000000000000000000000000	PY_TYPE_65c006b7dc1da8d5b431a90353733207
FileStore	polymorphism_reduction.FileStore	polymorphism_reduction.py	CLASS_TYPE	PUBLIC_ACCESS		TOP_LEVEL_PLACEMENT	polymorphism_reduction.py	/repo	16	18	false	PY_MODULE_ce17961cb9b5fed9cec337ad16f99cf3			PY_SCOPE_2e7531077324a570d8c4d04e018a19b4	PY_METHOD_38d185250823eb145c7aecc3d5a7e17c	PY_BINDING_11a005d72176a2a217b5da03f583b517		0	false	IMPLICIT_OBJECT		SERVICE_VERSION_00000000000000000000000000000000	PY_TYPE_4a78cff9ea347266ea18f2844136becc
DbStore	polymorphism_reduction.DbStore	polymorphism_reduction.py	CLASS_TYPE	PUBLIC_ACCESS		TOP_LEVEL_PLACEMENT	polymorphism_reduction.py	/repo	21	23	false	PY_MODULE_ce17961cb9b5fed9cec337ad16f99cf3			PY_SCOPE_17f6347ad02b4da7078df2500ed3d72b	PY_METHOD_62270142da44a0154ba5f961c23a5637	PY_BINDING_f5f82cba027f74684b5580da1433da6b		0	false	IMPLICIT_OBJECT		SERVICE_VERSION_00000000000000000000000000000000	PY_TYPE_6dca4a3f45f56313692e08e18aacced1
MemoryStore	polymorphism_reduction.MemoryStore	polymorphism_reduction.py	CLASS_TYPE	PUBLIC_ACCESS		TOP_LEVEL_PLACEMENT	polymorphism_reduction.py	/repo	26	28	false	PY_MODULE_ce17961cb9b5fed9cec337ad16f99cf3			PY_SCOPE_2c48f0a2b48e1976c8546147afd83f36	PY_METHOD_5f4108f3173fa2478f11946ffd2433d6	PY_BINDING_38a936a5f14a02a7258659c97cca19f6		0	false	IMPLICIT_OBJECT		SERVICE_VERSION_00000000000000000000000000000000	PY_TYPE_370308d5c9f53659a6b458a2a5ff6cfc
NullStore	polymorphism_reduction.NullStore	polymorphism_reduction.py	CLASS_TYPE	PUBLIC_ACCESS		TOP_LEVEL_PLACEMENT	polymorphism_reduction.py	/repo	31	33	false	PY_MODULE_ce17961cb9b5fed9cec337ad16f99cf3			PY_SCOPE_61045856ab87c9810cb6c37ee556b0c2	PY_METHOD_1b3e791ae959ece0cb4e17dd869e7884	PY_BINDING_caab56c2a85a4867c332fed1b5f702ee		0	false	IMPLICIT_OBJECT		SERVICE_VERSION_00000000000000000000000000000000	PY_TYPE_b48a89d9a21e6f57306bbc7868e8dca5
AuditStore	polymorphism_reduction.AuditStore	polymorphism_reduction.py	CLASS_TYPE	PUBLIC_ACCESS		TOP_LEVEL_PLACEMENT	polymorphism_reduction.py	/repo	36	38	false	PY_MODULE_ce17961cb9b5fed9cec337ad16f99cf3			PY_SCOPE_0d52cf25999caf60c8cfa708b07bd92e	PY_METHOD_c184b0cc993830472d1adbaf452902cc	PY_BINDING_2a44a12183b07c6811e028dc82c1d479		0	false	IMPLICIT_OBJECT		SERVICE_VERSION_00000000000000000000000000000000	PY_TYPE_9cd9e6de4d223d020fcdc1b477d3fd03
CachingStore	polymorphism_reduction.CachingStore	polymorphism_reduction.py	CLASS_TYPE	PUBLIC_ACCESS		TOP_LEVEL_PLACEMENT	polymorphism_reduction.py	/repo	41	47	false	PY_MODULE_ce17961cb9b5fed9cec337ad16f99cf3			PY_SCOPE_ba78eaa38a5cc89496cf1b634d86bdda	PY_METHOD_87b5f25ba09d3bba46e77011d512ea28	PY_BINDING_4be19b6e80c31e9ebea7fb534477e0d5		0	false	IMPLICIT_OBJECT		SERVICE_VERSION_00000000000000000000000000000000	PY_TYPE_da43161140a5bb188ac8c981c1e5649e
Service	return_flow_and_chaining.Service	return_flow_and_chaining.py	CLASS_TYPE	PUBLIC_ACCESS		TOP_LEVEL_PLACEMENT	return_flow_and_chaining.py	/repo	44	58	false	PY_MODULE_9c9f1480da13fb17657d9fde537a37e0			PY_SCOPE_2e8108ba01b391cdbd23864be21ba194	PY_METHOD_081fe87d7f8b45122877668e6b2040d5	PY_BINDING_ccb76d31faf76c06adb07f95283ad21d		0	false	IMPLICIT_OBJECT		SERVICE_VERSION_00000000000000000000000000000000	PY_TYPE_bd74adf854f8871ae083bf79ff6a67b9
Repository	self_and_attribute_chains.Repository	self_and_attribute_chains.py	CLASS_TYPE	PUBLIC_ACCESS		TOP_LEVEL_PLACEMENT	self_and_attribute_chains.py	/repo	14	26	false	PY_MODULE_47972cfb252e2f1acae1bbbe05a0ad79			PY_SCOPE_b2cd7ba2afd103055123dbe400069edc	PY_METHOD_b890843e2641bc9af46b65ea505de53e	PY_BINDING_d9d4b190c71a1cc671422e33aa501d1b		0	false	IMPLICIT_OBJECT		SERVICE_VERSION_00000000000000000000000000000000	PY_TYPE_cae958ca255fa5164c7794954b62fdaa
Service	self_and_attribute_chains.Service	self_and_attribute_chains.py	CLASS_TYPE	PUBLIC_ACCESS		TOP_LEVEL_PLACEMENT	self_and_attribute_chains.py	/repo	29	86	false	PY_MODULE_47972cfb252e2f1acae1bbbe05a0ad79			PY_SCOPE_347161bee8efa9b4cade1b26ceb171f7	PY_METHOD_4273c1dbf6864114947e98cab75ab140	PY_BINDING_ca0acf96a381297a64928d38d97dc602		0	false	IMPLICIT_OBJECT	self.* attributes written across several methods, not only __init__. Only 67% of self-attribute writes in the corpus are in __init__, so an attribute is a SET of writes, not a declaration.	SERVICE_VERSION_00000000000000000000000000000000	PY_TYPE_e6f0886e1ee43ec949057e681defe894
Derived	self_and_attribute_chains.Derived	self_and_attribute_chains.py	CLASS_TYPE	PUBLIC_ACCESS		TOP_LEVEL_PLACEMENT	self_and_attribute_chains.py	/repo	89	101	false	PY_MODULE_47972cfb252e2f1acae1bbbe05a0ad79			PY_SCOPE_ba060be89ecbd5e74e937b5441064604	PY_METHOD_e6f05a87612711a57e7e2ad9539f12b5	PY_BINDING_96b8b2ce68deec739943c09c2d25839b		1	false	SINGLE_INHERITANCE		SERVICE_VERSION_00000000000000000000000000000000	PY_TYPE_8c23474ac198ab42fc8b799ff25b3510
AnnotatedFields	type_references_and_narrowing.AnnotatedFields	type_references_and_narrowing.py	CLASS_TYPE	PUBLIC_ACCESS		TOP_LEVEL_PLACEMENT	type_references_and_narrowing.py	/repo	108	116	false	PY_MODULE_ff0e72e19cc67a1292b8a3fd0cadecff			PY_SCOPE_49486851fd9bd36520ce63a74456aedf	PY_METHOD_aab157e8edf5e19f7c23c68ab3c999d4	PY_BINDING_d99b3eb0f34b4035a6afdeeaf32c8a80		0	false	IMPLICIT_OBJECT		SERVICE_VERSION_00000000000000000000000000000000	PY_TYPE_e8071789019fd5c244e78bd8d39766bd
